关键词,意图,搜索量,KD值,CPC,竞争激烈程度,结果,更新时间
dropshipping,I,"74,000",72,2.94,0.54,57.2M,2 周
what is dropshipping,I,"27,100",54,0.82,0.30,56.7M,2 周
dropshipping dropshipping,I,"18,100",55,2.94,0.54,72.9M,上周
cj dropshipping,N,"12,100",58,1.31,0.59,1M,2 周
dropshipping suppliers,C,"12,100",64,2.85,0.61,28.9M,2 周
shopify dropshipping,I,"12,100",51,3.39,0.15,17.2M,上周
dropshipping business,I,"9,900",59,2.23,0.18,61.9M,2 周
amazon dropshipping,I,"6,600",42,2.87,0.60,25.4M,上周
dropshipping product trends august 2025,I,"6,600",16,0.00,0.00,117K,上周
how to start dropshipping,I,"6,600",50,3.02,0.68,27M,上周
aliexpress dropshipping,I,"5,400",71,2.90,0.27,5.7M,上周
dropshipping meaning,I,"5,400",64,0.72,0.28,26.9M,2 周
dropshipping websites,C,"3,600",65,3.19,0.67,58.7M,上周
how to start a dropshipping business,I,"3,600",29,2.31,0.66,21M,上周
is dropshipping legal,I,"3,600",36,2.04,0.12,19.1M,上周
top dropshipping products 2025,I,"3,600",11,1.62,0.54,19.4M,上周
ai dropshipping,I,"2,900",48,5.86,0.71,108,2 周
alibaba dropshipping,I,"2,900",27,1.93,0.70,3.6M,上周
dropshipping companies shopify,I,"2,900",30,3.39,0.15,7.5M,上周
dropshipping products,I,"2,900",47,2.22,0.63,36.5M,上周
ebay dropshipping,I,"2,900",49,2.90,0.62,6.5M,上周
how does dropshipping work,I,"2,900",47,1.00,0.55,109,2 周
how to do dropshipping,I,"2,900",50,2.88,0.67,64.2M,上周
is dropshipping worth it,I,"2,900",33,1.33,0.37,10.5M,2 周
spocket dropshipping,N,"2,900",66,1.94,0.15,241K,2 周
spocket dropshipping suppliers,N,"2,900",48,0.00,0.00,144K,上周
top trending dropshipping products 2025,I,"2,900",30,0.00,0.50,6.9M,上周
best dropshipping products 2025,C,"2,400",27,1.54,0.55,107,上周
best dropshipping suppliers,I,"2,400",66,2.78,0.74,8.2M,2 周
dropshipping platforms,I,"2,400",78,3.40,0.06,9.1M,2 周
how to start dropshipping for free,I,"2,400",24,3.00,0.74,20.9M,上周
artificial intelligence dropshipping,I,"1,900",44,5.86,0.71,109,2 周
best dropshipping products,C,"1,900",31,1.44,0.56,27M,上周
dropshipping amazon,I,"1,900",42,2.54,0.69,24.6M,上周
dropshipping definition,I,"1,900",54,0.64,0.21,3.8M,上周
dropshipping guide,I,"1,900",54,1.90,0.10,24.5M,2 周
dropshipping news,I,"1,900",17,0.00,0.05,19.2M,1 个月
aliexpress dropshipping center,I,"1,600",50,2.68,0.61,1.2M,1 个月
ar dropshipping,N,"1,600",31,3.23,0.25,63,3 周
dropshipping sites,I,"1,600",80,3.64,0.66,15.8M,1 个月
dropshipping suppliers usa,I,"1,600",80,2.56,0.66,,1 个月
ecommerce platform for dropshipping,C,"1,600",17,0.00,0.00,9.6M,4 周
trending dropshipping products 2025,I,"1,600",20,1.81,0.51,109,2 周
what is dropshipping business,I,"1,600",56,0.67,0.47,64.7M,1 个月
digital dropshipping,I,"1,300",23,3.80,0.66,32.4M,1 个月
doba dropshipping,N,"1,300",54,1.96,0.72,219K,4 周
dropshipping io,N,"1,300",33,4.32,0.73,2.7M,2 周
dropshipping shopify,I,"1,300",67,3.39,0.15,19.2M,2 周
dropshipping store,I,"1,300",67,2.90,0.41,73.8M,3 周
dropshipping supplier,I,"1,300",51,2.85,0.61,13.3M,上周
free dropshipping suppliers,I,"1,300",35,4.88,0.67,7M,2 周
how to start dropshipping on amazon,I,"1,300",25,2.35,0.75,28.9M,3 周
markaz dropshipping,N,"1,300",34,2.52,0.36,29.6K,2 周
shopify dropshipping suppliers,N,"1,300",43,2.70,0.52,2.9M,3 周
what's dropshipping,I,"1,300",50,0.98,0.29,60.5M,1 个月
woocommerce dropshipping,I,"1,300",49,3.96,0.50,3M,3 周
zambeel dropshipping,N,"1,300",31,4.35,0.35,16.2K,3 周
ai dropshipping free tutorial,I,"1,000",33,0.00,0.00,,1 个月
aliexpress dropshipping suppliers,I,"1,000",51,2.67,0.00,141,1 个月
american dropshipping suppliers,I,"1,000",74,2.84,0.77,1M,1 个月
best dropshipping websites,C,"1,000",50,3.55,0.73,12.4M,2 周
define dropshipping,I,"1,000",60,0.70,0.17,4.7M,1 个月
dropshipping business ideas,I,"1,000",16,1.68,0.24,13.4M,1 个月
dropshipping niches,I,"1,000",16,2.00,0.15,1.2M,1 个月
dropshipping on amazon,I,"1,000",38,2.89,0.58,22.3M,1 个月
dropshipping stores,I,"1,000",74,2.90,0.41,4.4K,3 周
ecommerce dropshipping,I,"1,000",50,2.44,0.34,23.3M,3 周
how can i start dropshipping,I,"1,000",50,3.28,0.65,44.7M,1 个月
is dropshipping profitable,I,"1,000",40,1.18,0.36,4.3M,1 个月
sada dropshipping,I,"1,000",24,0.00,0.16,41,1 个月
suppliers for dropshipping,I,"1,000",58,2.85,0.61,142,4 周
amazon dropshipping suppliers,I,880,47,2.98,0.17,2.1M,1 个月
arabia dropshipping,N,880,36,3.11,0.38,2.4M,1 个月
autods dropshipping,N,880,57,3.09,0.40,917K,3 周
automated dropshipping,I,880,73,4.13,0.46,3.6M,3 周
best dropshipping niches 2025,C,880,27,1.68,0.57,139,1 个月
cj dropshipping suitcasse handles,N,880,8,0.00,0.00,2.8K,1 个月
dropshipping ebay to ebay,I,880,49,2.43,0.53,6.3M,3 周
dropshipping for beginners,I,880,58,3.49,0.66,10.3M,1 个月
dropshipping from ebay to ebay,I,880,47,2.43,0.53,6.6M,4 周
etsy dropshipping,I,880,46,1.93,0.39,,1 个月
free dropshipping,I,880,40,6.13,0.76,,1 个月
good dropshipping products,I,880,41,1.58,0.56,19.3M,1 个月
gpc chris dropshipping reddit,N,880,29,0.00,0.00,314,1 个月
how do you start a dropshipping business,I,880,44,2.31,0.66,26.5M,1 个月
how to get into dropshipping,I,880,53,2.14,0.69,24.7M,1 个月
how to make money dropshipping,I,880,45,1.96,0.65,18.3M,1 个月
is depop dropshipping legit reddit,N,880,31,0.00,0.00,6.5K,1 个月
ksa dropshipping,N,880,17,0.00,0.02,2.5M,1 个月
start a dropshipping business,I,880,44,2.87,0.73,21.4M,上周
store dropshipping,I,880,59,2.90,0.41,53.3M,上周
what is a dropshipping business,I,880,50,0.64,0.47,73.1M,3 周
woocommerce dropshipping plugin,I,880,32,2.70,0.22,741K,3 周
bigcommerce dropshipping,N,720,27,5.14,0.19,1.2M,1 个月
branded dropshipping,I,720,23,2.28,0.60,,1 个月
depop dropshipping,I,720,20,2.45,0.48,,1 个月
dropshipping clothing suppliers,C,720,24,2.95,0.80,2.5M,上周
dropshipping course,I,720,41,2.74,0.61,11.6M,1 个月
dropshipping in america,I,720,59,2.64,0.58,3.7M,1 个月
dropshipping plugin,I,720,57,0.00,0.03,2.8M,1 个月
dropshipping jewelry,C,390,21,1.84,0.92,7.5M,1 个月
dropshipping on bigcommerce,I,390,10,0.00,0.00,132,1 个月
dropshipping on ebay,I,390,46,2.43,0.53,4.6M,2 周
dropshipping products on shopify,I,390,41,0.00,0.00,,1 个月
dropshipping products with high profit margin,I,390,29,1.51,0.55,879K,上周
dsers dropshipping,I,390,46,3.04,0.37,177,1 个月
google adds not getting sales dropshipping,I,390,28,0.00,0.00,690K,1 个月
how to start a dropshipping business on amazon,I,390,45,2.28,0.82,15.8M,1 个月
intimate dropshipping,N,390,18,0.00,0.00,574K,2 周
is dropshipping dead,I,390,32,1.37,0.04,1.7M,1 个月
korean dropshipping supplier in usa,I,390,14,0.00,0.00,83,1 个月
make money dropshipping,I,390,40,2.19,0.68,18.6M,1 个月
niches for dropshipping,I,390,15,2.00,0.15,144,1 个月
oberlo dropshipping,N,390,46,3.32,0.66,,1 个月
once i list a cj dropshipping product what happens ebay,I,390,20,0.00,0.00,104,3 周
organic dropshipping,I,390,16,2.99,0.39,5.1M,1 个月
pros and cons of dropshipping,I,390,19,0.66,0.48,3.9M,3 周
reliable dropshipping suppliers,I,390,64,2.36,0.05,2.1M,3 周
shopify collective dropshipping,I,390,32,0.00,0.00,83.9K,1 个月
software dropshipping,I,390,24,6.24,0.15,18.4M,2 周
tasha apparel return and refund for dropshipping,I,390,2,0.00,0.00,809,1 个月
trending products for dropshipping,I,390,32,2.47,0.57,7.7M,上周
unify dropshipping,I,390,21,3.02,0.59,116,2 周
usa dropshipping supplier,I,390,70,2.68,0.69,150,3 周
woocommerce dropshipping plugins,I,390,38,2.70,0.22,97,2 周
amazon dropshipping business model success strategies,,320,,0.00,0.00,,要更新指标数据，请刷新
amazon fba vs dropshipping,I,320,19,0.91,0.24,1.5M,1 个月
beginner dropshipping guide starting tips 2026,,320,,0.00,0.00,,要更新指标数据，请刷新
best dropshipping apps for shopify,C,320,24,4.22,0.63,3.3M,1 个月
best fashion jewelry dropshipping suppliers no inventory,C,320,6,0.00,0.00,231K,1 个月
best products for dropshipping,I,320,36,1.44,0.56,31.3M,3 周
best selling dropshipping products 2025,I,320,25,1.76,0.79,16.6M,2 周
cj dropshipping usa,N,320,29,1.98,0.70,340K,1 个月
cod dropshipping,I,320,2,0.00,0.12,3.2M,1 个月
dhgate dropshipping,I,320,25,2.24,0.55,117,1 个月
dropshipping con,I,320,84,1.22,0.53,12M,4 周
dropshipping ebay,I,320,51,2.73,0.56,6.2M,1 个月
dropshipping explained,I,320,58,0.87,0.35,15.7M,1 个月
dropshipping free,I,320,54,7.65,0.72,40M,1 个月
dropshipping platform,I,320,64,3.40,0.06,46.3M,3 周
dropshipping product research,I,320,26,4.41,0.54,6.4M,上周
dropshipping pros and cons,I,320,18,0.66,0.48,138,3 周
dropshipping services,C,320,75,3.46,0.18,128,2 周
dropshipping sex toys,I,320,10,0.00,0.00,813K,1 个月
dropshipping spy tools,I,320,26,4.25,0.03,140,1 个月
dropshipping t shirts,C,320,35,3.70,0.73,4.2M,1 个月
dropshipping usa,I,320,65,2.64,0.58,31.7M,上周
dropshipping website builder,C,320,31,8.33,0.62,12.5M,1 个月
dsers dropshipping app,N,320,36,3.50,0.00,49.1K,1 个月
fashiongo dropshipping,N,320,35,0.87,0.49,38.4K,1 个月
free dropshipping suppliers usa,I,320,41,2.87,0.79,3.1M,上周
how do you make money dropshipping,I,320,34,1.91,0.63,19.1M,3 周
how to dropshipping on shopify,I,320,34,3.48,0.64,9.1M,1 个月
how to start dropshipping on shopify,I,320,40,3.07,0.64,139,4 周
is dropshipping haram,I,320,23,0.00,0.00,96.8K,1 个月
jewelry dropshipping,C,320,15,1.78,0.97,8.1M,1 个月
korean dropshipping supplier in usa reddit,N,320,30,0.00,0.00,20.2K,1 个月
online dropshipping business,I,320,51,3.17,0.08,29.2M,1 个月
profitable dropshipping niches,I,320,11,2.03,0.00,602K,1 个月
que es el dropshipping,I,320,8,1.34,0.35,778K,3 周
salehoo dropshipping,N,320,49,2.93,0.32,61.4K,1 个月
shopify dropshipping app,I,320,71,5.08,0.03,9.7M,1 个月
shopify dropshipping stores,I,320,37,3.50,0.31,123,1 个月
start dropshipping for free,I,320,33,6.72,0.77,9.9M,4 周
sup dropshipping,I,320,43,3.41,0.27,,1 个月
supplement dropshipping,I,320,24,2.35,0.66,1.5M,2 周
thca dropshipping,I,320,3,3.06,0.14,19.1K,1 个月
top dropshipping products,I,320,38,1.54,0.56,150,1 个月
top dropshipping suppliers,C,320,30,2.40,0.73,7.8M,1 个月
uk dropshipping suppliers,I,320,37,1.86,0.34,3.7M,4 周
walmart dropshipping,I,320,33,2.44,0.63,3.7M,1 个月
zopi dropshipping,N,320,42,3.86,0.70,12.2K,1 个月
ai dropshipping tools,C,260,56,7.78,0.01,4.3M,1 个月
aliexpress dropshipping products,I,260,48,2.36,0.42,2.2M,1 个月
amazon dropshipping policy seller central dropshipping policy,I,260,43,0.00,0.00,406K,1 个月
apparel dropshipping suppliers,C,260,49,2.85,0.79,397K,1 个月
best dropshipping apps,C,260,13,3.98,0.77,180,1 个月
best dropshipping jewelry suppliers low cost bulk orders,C,260,13,0.00,0.00,2.6M,1 个月
best dropshipping suppliers usa,C,260,66,2.45,0.79,4.8M,3 周
best shopify dropshipping apps,C,260,30,4.22,0.63,3.4M,1 个月
bulk costume jewelry trendy 2025 factory price dropshipping,I,260,19,0.00,0.00,917K,1 个月
can you exit an organic drop dropshipping business,I,260,24,0.00,0.00,113,3 周
cbd dropshipping,I,260,2,3.01,0.16,,1 个月
cg dropshipping,N,260,39,1.31,0.59,999K,上周
coffee dropshipping,I,260,8,2.05,0.85,11.2M,1 个月
cs dropshipping,N,260,39,1.31,0.59,1.2M,1 个月
dedicate to a dropshipping business,I,260,23,0.00,0.00,2.6M,3 周
does dropshipping actually work,I,260,31,1.56,0.39,140,1 个月
dropshipping automation,I,260,66,4.87,0.61,4.1M,1 个月
dropshipping books,C,260,23,1.82,0.82,12M,1 个月
dropshipping business plan,I,260,35,2.91,0.04,11.2M,1 个月
dropshipping coffee,I,260,2,1.69,0.67,14.1M,1 个月
dropshipping ecommerce,I,260,69,2.44,0.34,27.8M,上周
dropshipping for free,I,260,8,6.13,0.76,122,1 个月
dropshipping how to start,I,260,46,2.59,0.69,30.1M,1 个月
dropshipping ideas,I,260,30,1.34,0.60,18.5M,1 个月
dropshipping in usa,I,260,77,2.64,0.58,38.4M,1 个月
dropshipping means,I,260,57,0.72,0.28,33.4M,4 周
dropshipping model,I,260,48,1.71,0.23,19.2M,1 个月
dropshipping niche,I,260,34,2.00,0.15,125,1 个月
dropshipping shopify apps,I,260,37,3.88,0.03,,1 个月
dropshipping spy tool,I,260,41,4.25,0.03,232K,3 周
dropshipping success rate,I,260,28,1.30,0.25,2.6M,1 个月
dropshipping supplier information requirements product data feed,I,260,2,0.00,0.00,276K,1 个月
dropshipping suppliers in usa,I,260,71,2.84,0.77,4.8M,1 个月
dropshipping us suppliers,I,260,73,2.56,0.66,10.1M,3 周
dropshipping vendors,I,260,64,2.80,0.78,,1 个月
dropshipping vs ecommerce,I,260,13,1.20,0.30,27.3M,1 个月
dropshipping wholesalers,I,260,69,2.84,0.61,149,4 周
e-commerce / dropshipping,I,260,79,0.00,0.00,20.4M,4 周
ecommerce dropshipping business,I,260,54,2.34,0.07,25.9M,1 个月
free dropshipping account,I,260,61,0.00,0.93,6.2M,1 个月
free dropshipping course,I,260,29,3.07,0.54,,1 个月
free dropshipping website builder,I,260,16,6.29,0.86,10.2M,上周
high ticket dropshipping products,I,260,8,1.61,0.40,,1 个月
how do i start dropshipping,I,260,58,3.58,0.68,44M,1 个月
how much does dropshipping make,I,260,37,0.83,0.20,32M,1 个月
how much time do we have to put on dropshipping,I,260,14,0.00,0.00,18.6M,1 个月
how to do dropshipping on amazon,I,260,49,1.96,0.70,19.9M,1 个月
how to find dropshipping suppliers,I,260,35,2.35,0.66,,1 个月
how to find suppliers for dropshipping on tiktok shop,I,260,19,0.00,0.00,124,1 个月
how to start a dropshipping business: a step-by-step guide,I,260,46,0.00,0.00,,1 个月
how to start amazon dropshipping,I,260,37,2.10,0.78,24.9M,1 个月
is dropshipping a scam,I,260,20,0.43,0.03,5.7M,2 周
is dropshipping easy,I,260,28,2.33,0.28,22.5M,1 个月
is dropshipping halal,I,260,17,0.00,0.00,847K,1 个月
is dropshipping worth it in 2025,I,260,34,1.41,0.26,45.6M,3 周
markaz dropshipping login,N,260,30,0.00,0.00,,1 个月
niche dropshipping,I,260,38,2.00,0.15,,1 个月
popular dropshipping products,I,260,29,1.49,0.63,123,上周
printify dropshipping,I,260,52,1.51,0.18,124,3 周
roposo clout dropshipping,N,260,21,3.55,0.79,98,2 周
spotify dropshipping,I,260,50,3.99,0.17,696K,1 个月
successful dropshipping stores,I,260,6,1.48,0.56,,1 个月
syncee dropshipping app,,260,,0.00,0.33,,要更新指标数据，请刷新
tiktok shop dropshipping,I,260,31,3.31,0.01,125,4 周
us supplier for dropshipping reddit,N,260,28,0.00,0.00,144,1 个月
what does dropshipping mean,I,260,60,0.51,0.19,14.3M,1 个月
what is ai dropshipping,I,260,43,2.38,0.53,36.8M,1 个月
what is dropshipping all about easy explanation,I,260,73,0.00,0.00,121,1 个月
winning dropshipping products 2025,I,260,34,1.65,0.67,31.9M,1 个月
3pl dropshipping,I,210,10,4.41,0.67,144,3 周
affordable fashion jewelry dropshipping suppliers,C,210,16,0.00,0.00,1.6M,2 周
ai dropshipping website builder,I,210,65,7.00,0.84,7.5M,1 个月
alibaba dropshipping suppliers,T,210,36,2.39,0.04,1.1M,1 个月
best dropshipping apps for shopify 2025,C,210,17,0.00,0.00,,1 个月
best dropshipping course,C,210,40,2.28,0.59,130,1 个月
best dropshipping niches,C,210,23,1.64,0.59,141,1 个月
best dropshipping stores,C,210,21,2.74,0.52,35.9M,上周
best dropshipping suppliers for shopify,C,210,24,3.08,0.58,161,1 个月
best niches for dropshipping,C,210,22,1.64,0.59,124,上周
best shopify apps for dropshipping,C,210,14,3.90,0.47,150,3 周
best suppliers for dropshipping,C,210,48,2.69,0.73,10.3M,1 个月
best trending dropshipping products 2025,C,210,45,0.00,0.00,22.6M,1 个月
bigcommerce dropshipping app,I,210,23,0.00,0.09,164,1 个月
bigcommerce dropshipping apps,I,210,14,0.00,0.09,,1 个月
c j dropshipping,N,210,35,1.31,0.59,1.1M,3 周
clothing dropshipping suppliers,C,210,39,2.95,0.80,3M,1 个月
current market prices electronics dropshipping,I,210,6,0.00,0.00,,1 个月
does ebay allow dropshipping,I,210,39,1.56,0.11,884K,1 个月
dropshipping 101,I,210,4,1.81,0.66,,1 个月
dropshipping 2025,I,210,37,1.66,0.44,,1 个月
dropshipping agent,I,210,31,3.74,0.21,8.3M,1 个月
dropshipping beauty products,I,210,20,1.91,0.53,13.9M,1 个月
dropshipping business model success stories 2025,I,210,13,0.00,0.00,2.8M,1 个月
dropshipping clothes,I,210,52,2.53,0.76,12M,2 周
dropshipping companies in the us,I,210,63,2.56,0.66,27.6M,2 周
dropshipping company,I,210,43,2.31,0.64,43.4M,2 周
dropshipping courses,I,210,29,2.78,0.54,,1 个月
dropshipping define,I,210,59,0.70,0.17,2.6M,1 个月
dropshipping in india,I,210,25,2.52,0.34,19.5M,3 周
dropshipping is dead,I,210,24,0.52,0.05,141,3 周
dropshipping items,I,210,36,1.89,0.54,30.8M,1 个月
dropshipping jewelry suppliers,C,210,15,1.79,0.96,798K,1 个月
dropshipping product finder,I,210,61,3.58,0.55,619K,1 个月
dropshipping program,I,210,59,2.76,0.21,9.8M,2 周
dropshipping reddit 2025,I,210,79,5.21,0.04,7.8M,1 个月
dropshipping services with storefront free usa,I,210,71,0.00,0.00,7.9M,1 个月
dropshipping store examples,I,210,21,1.72,0.45,,1 个月
dropshipping stores shopify,T,210,27,2.87,0.22,120,3 周
dropshipping success stories,I,210,27,1.12,0.29,141,4 周
dropshipping suppliers based outside of china,I,210,9,0.00,0.00,122,1 个月
dropshipping suppliers free,I,210,60,4.88,0.67,,1 个月
dropshipping tips,I,210,32,1.71,0.39,30.8M,1 个月
dropshipping to ebay,I,210,53,2.43,0.53,6M,上周
dropshipping uk,I,210,18,2.11,0.16,129,1 个月
dropshipping us,I,210,64,2.64,0.58,130,3 周
dropshipping vs affiliate marketing,I,210,27,1.25,0.24,3.2M,1 个月
ds dropshipping,I,210,62,3.01,0.74,,1 个月
dsers aliexpress dropshipping,N,210,39,3.28,0.53,91.5K,1 个月
ecommerce vs dropshipping,I,210,27,1.12,0.28,14.4M,上周
eprolo dropshipping,N,210,39,3.47,0.62,41.7K,3 周
free dropshipping sites,I,210,37,5.79,0.74,12.7M,4 周
google trends dropshipping,I,210,20,2.16,0.13,120,1 个月
how much can you make dropshipping,I,210,22,0.95,0.26,38.6M,1 个月
how to start dropshipping with shopify,I,210,36,3.86,0.68,,1 个月
how to start shopify dropshipping,I,210,42,3.86,0.68,14.5M,1 个月
is depop dropshipping legal,I,210,12,0.00,0.33,20.6K,4 周
is dropshipping legit,I,210,24,1.89,0.29,19.6M,1 个月
max dropshipping,I,210,21,3.83,0.13,10.4M,1 个月
woocommerce dropshipping suppliers,C,170,36,2.99,0.42,623K,1 个月
150 dropshipping products,N,140,12,0.00,0.10,,1 个月
advantages of dropshipping,I,140,10,0.00,0.21,2.8M,2 周
ai dropshipping free,I,140,25,7.32,0.79,,1 个月
ai dropshipping store,I,140,43,5.81,0.83,124,1 个月
ai dropshipping website builder free,I,140,57,6.24,0.77,,1 个月
ai tools for dropshipping,I,140,59,3.83,0.02,13.6M,1 个月
alibaba dropshipping center,N,140,30,1.83,0.44,,1 个月
aliexpress dropshipping shopify,I,140,73,2.39,0.66,,1 个月
amazon and dropshipping,I,140,42,2.89,0.58,10.7M,1 个月
amazon dropshipping products,I,140,53,2.51,0.55,14.8M,1 个月
amazon to ebay dropshipping software,I,140,2,4.16,0.34,124,2 周
american dropshipping,I,140,64,2.64,0.58,125,2 周
auto dropshipping,N,140,42,3.62,0.75,37M,3 周
autods dropshipping suppliers,I,140,35,0.00,0.00,,1 个月
average dropshipping income,I,140,21,0.78,0.17,1.2M,1 个月
b2b dropshipping,I,140,17,5.07,0.45,9M,1 个月
beauty dropshipping,I,140,29,2.85,0.53,21.3M,1 个月
best app for dropshipping,C,140,17,3.98,0.77,177,3 周
best dropshipping courses,C,140,30,2.52,0.43,,1 个月
best dropshipping jewelry suppliers low cost,C,140,8,0.00,0.00,131,2 周
best dropshipping products 2026,,140,,1.78,0.66,,要更新指标数据，请刷新
best dropshipping products now,I,140,31,0.00,0.86,38.3M,1 个月
best dropshipping products to sell right now,I,140,36,0.00,0.46,12.8M,1 个月
best niches for passive automated dropshipping 2024,,140,,0.00,0.00,,要更新指标数据，请刷新
best website for dropshipping,C,140,12,3.55,0.73,11.7M,3 周
best websites for dropshipping,C,140,24,3.96,0.77,9.3M,1 个月
branded dropshipping profitability 2024,I,140,9,0.00,0.00,141,1 个月
can dropshipping make you rich,I,140,10,1.33,0.27,11.6M,1 个月
can you make money dropshipping,I,140,39,0.92,0.45,21.3M,1 个月
cj dropshipping login,N,140,38,1.84,0.32,864K,1 个月
cj dropshipping uk,N,140,30,1.00,0.52,147,1 个月
cloth dropshipping,I,140,58,0.00,0.00,24.9M,1 个月
current trending dropshipping products,I,140,23,0.00,0.46,2.5M,1 个月
dropshipping 2025 reddit,N,140,31,0.00,0.02,123,1 个月
dropshipping agent china unique headline examples,I,140,14,0.00,0.00,17.8K,3 周
dropshipping api,I,140,6,5.79,0.57,,1 个月
dropshipping australia,I,140,25,0.00,0.33,31.8M,3 周
dropshipping automation tools,I,140,40,0.00,0.02,2.8M,2 周
dropshipping beginner,I,140,25,2.97,0.66,1.8M,3 周
dropshipping children s toys,I,140,7,0.00,0.00,205,3 周
dropshipping coasters,C,140,5,0.00,1.00,208K,1 个月
dropshipping com,I,140,84,3.27,0.56,62.8M,3 周
dropshipping costume jewelry usa fast shipping,C,140,22,0.00,0.00,197,1 个月
dropshipping from china,I,140,13,2.24,0.38,20.7M,1 个月
dropshipping how it works,I,140,49,1.29,0.55,123,1 个月
dropshipping how to,I,140,40,3.16,0.66,52.3M,1 个月
dropshipping in uk,I,140,28,2.11,0.16,24.2M,2 周
dropshipping leveranciers,I,140,53,0.00,0.12,197K,上周
dropshipping money,I,140,47,3.29,0.18,,1 个月
dropshipping nederland,I,140,15,0.00,0.10,3.7M,1 个月
dropshipping nedir,I,140,11,0.00,0.14,97.7K,3 周
dropshipping on alibaba,I,140,33,2.00,0.68,3.7M,1 个月
dropshipping on aliexpress,I,140,53,3.36,0.51,7.2M,1 个月
dropshipping online store,I,140,81,3.23,0.12,65.2M,1 个月
dropshipping popularity 2024 statistics,,140,,0.00,0.00,,要更新指标数据，请刷新
dropshipping products shopify without inventory,,140,,0.00,0.00,,要更新指标数据，请刷新
dropshipping products to sell,I,140,36,2.11,0.78,22.6M,2 周
dropshipping profit margin,I,140,30,0.81,0.19,1.1M,1 个月
dropshipping real ways to earn money online,I,140,31,0.00,0.00,117,3 周
dropshipping salary,I,140,27,1.90,0.08,1.8M,1 个月
dropshipping sales tax id requirements shopify settings,,140,,0.00,0.00,,要更新指标数据，请刷新
dropshipping shaving,I,140,3,0.00,0.33,55,3 周
dropshipping stores examples,I,140,9,1.69,0.38,4.1M,1 个月
dropshipping supplements,I,140,6,2.35,0.66,272,3 周
dropshipping suppliers aliexpress,I,140,39,2.67,0.00,124,1 个月
dropshipping suppliers for ebay,I,140,22,2.85,0.48,135,1 个月
dropshipping suppliers for tiktok shop,I,140,7,3.79,0.09,,1 个月
dropshipping suppliers in uk,I,140,24,1.86,0.34,3.1M,2 周
dropshipping tool,I,140,31,2.82,0.06,,1 个月
dropshipping using shopify,I,140,42,3.39,0.15,16M,3 周
dropshipping vs print on demand,I,140,22,1.12,0.47,4.4M,1 个月
dropshipping websites examples,I,140,5,2.01,0.45,4M,2 周
dropshipping websites free,I,140,72,5.96,0.72,12.2M,1 个月
dropshipping what is,I,140,57,0.89,0.26,38M,1 个月
dropshipping what is it,I,140,54,0.83,0.41,58.1M,1 个月
ebay dropshipping policy,I,140,42,1.57,0.17,1.8M,上周
ebay dropshipping software,I,140,18,3.07,0.31,1.4M,上周
ebay dropshipping tools,I,140,28,5.08,0.31,2.2M,1 个月
facebook ads dropshipping problem aware vs solution aware strategy 2026,,140,,0.00,0.00,,要更新指标数据，请刷新
facebook ads for dropshipping,I,140,29,8.56,0.02,122,1 个月
facebook dropshipping ads,I,140,22,8.56,0.02,5.6M,上周
faire dropshipping,N,140,16,2.16,0.59,1.7M,4 周
fashion dropshipping,I,140,44,2.21,0.74,,1 个月
fashion jewelry dropshipping suppliers no inventory us,,140,,0.00,0.00,,要更新指标数据，请刷新
fashion jewelry dropshipping suppliers no inventory wholesale,,140,,0.00,0.00,,要更新指标数据，请刷新
find dropshipping products,I,140,63,2.61,0.59,30.9M,1 个月
free dropshipping courses,I,140,24,3.07,0.54,,1 个月
free dropshipping store,I,140,40,5.86,0.78,27.9M,上周
free ecommerce platforms for dropshipping,C,140,16,0.00,0.00,142,1 个月
fulfillment and dropshipping,I,140,41,5.32,0.57,5.3M,2 周
fullsend dropshipping,I,140,14,2.91,0.47,,1 个月
good dropshipping niches,I,140,18,1.64,0.59,145K,3 周
google trends for dropshipping,I,140,24,0.00,0.00,6M,3 周
great niches for dropshipping,I,140,12,1.64,0.59,128,3 周
grossiste cbd dropshipping,I,140,4,0.00,0.00,10.5K,上周
grossiste dropshipping fleur cbd,I,140,6,0.00,0.00,13.1K,上周
grossiste dropshipping fleur de cbd,I,140,4,0.00,0.00,10.9K,1 个月
home decor dropshipping,C,140,2,1.87,0.44,,1 个月
how i make money dropshipping,I,140,32,1.96,0.65,21.8M,1 个月
how much money do you need to start dropshipping,I,140,19,2.05,0.36,43.8M,1 个月
how profitable is dropshipping,I,140,41,1.01,0.26,3.7M,1 个月
how to dropshipping,I,140,44,3.16,0.66,48M,1 个月
how to find suppliers for dropshipping,I,140,34,3.04,0.75,7.1M,1 个月
how to get started dropshipping,I,140,47,2.59,0.77,41.7M,1 个月
how to make money dropshipping on amazon,I,140,37,1.37,0.60,8.8M,1 个月
is dropshipping hard,I,140,29,1.29,0.18,16.4M,1 个月
jewelry dropshipping suppliers,C,140,19,2.10,0.72,828K,1 个月
o que é dropshipping,I,140,27,0.98,0.26,18.9M,1 个月
organic vs paid ads dropshipping marketing strategy,I,140,,0.00,0.00,140,3 周
perfume dropshipping,C,140,11,1.85,0.63,5.6M,2 周
pet supplies dropshipping,I,140,21,1.93,0.14,120,3 周
print on demand vs dropshipping,I,140,20,1.38,0.40,5M,1 个月
private label dropshipping suppliers,I,140,22,2.02,0.45,961K,1 个月
product research dropshipping,I,140,30,4.41,0.54,140,3 周
profitable niche for dropshipping,I,140,6,1.33,0.01,1.3M,2 周
reliable suppliers for dropshipping,I,140,42,3.18,0.07,2M,2 周
shopify dropshipping business,I,140,46,3.47,0.09,13M,1 个月
shopify dropshipping guide,I,140,45,1.78,0.09,,1 个月
shopify dropshipping sites,I,140,18,2.94,0.02,106,2 周
shopify dropshipping websites,I,140,38,2.94,0.02,10.6M,2 周
souk dropshipping,I,140,22,0.00,0.10,11.8K,1 个月
sticker dropshipping,C,140,12,2.11,0.82,217,3 周
study dropshipping com,I,140,22,4.32,0.70,3.2M,1 个月
top dawg dropshipping,N,140,63,2.75,0.35,130,1 个月
top dropshipping niches 2025,I,140,19,1.37,0.86,472K,1 个月
top dropshipping products right now,I,140,31,3.18,0.95,18.2M,1 个月
top selling dropshipping products 2025,I,140,34,1.36,0.71,15.1M,上周
top shopify dropshipping stores,I,140,6,2.35,0.47,13M,3 周
topdawg dropshipping,N,140,61,2.75,0.35,,1 个月
trending dropshipping products 2026,,140,,1.86,0.66,,要更新指标数据，请刷新
us based dropshipping,C,140,65,2.64,0.58,133,2 周
usa tax obligations for ecommerce sellers with dropshipping from china,I,140,6,0.00,0.00,240K,3 周
wat is dropshipping,I,140,59,0.82,0.30,1.3M,2 周
wayfair dropshipping,I,140,21,6.76,0.64,300K,1 个月
what is dropshipping on amazon,I,140,38,0.71,0.51,24.6M,1 个月
what is ebay dropshipping,I,140,44,0.90,0.29,4.4M,1 个月
what is organic dropshipping,I,140,2,1.79,0.15,108,2 周
wholesale suppliers for dropshipping,I,140,71,2.29,0.04,3.3M,1 个月
why is dropshipping bad,I,140,2,0.77,0.08,110,1 个月
winning products for dropshipping 2025,I,140,32,2.17,0.77,140,1 个月
zq dropshipping,N,140,11,3.70,0.24,171K,1 个月
advertising dropshipping,I,110,23,9.66,0.36,125,1 个月
ai dropshipping shopify,I,110,63,6.68,0.72,6.3M,1 个月
ai for dropshipping,I,110,72,6.02,0.24,25.6M,2 周
amazon dropshipping guide,I,110,43,0.00,0.27,11M,1 个月
amazon fba dropshipping,I,110,22,2.41,0.43,1.8M,3 周
amazon seller dropshipping,I,110,42,2.94,0.62,3.9M,1 个月
american dropshipping companies,C,110,56,3.55,0.67,147,1 个月
auto parts dropshipping,I,110,7,2.01,0.59,137,3 周
autods dropshipping app,N,110,42,3.27,0.01,177K,上周
autods for dropshipping,,110,,3.06,0.03,,要更新指标数据，请刷新
average dropshipping income per month,I,110,0,1.13,0.16,101,3 周
banggood dropshipping,I,110,14,1.35,0.52,61.5K,2 周
best dropshipping app for shopify,C,110,37,3.90,0.47,8.5M,3 周
best dropshipping categories 2024,,110,,0.00,0.00,,要更新指标数据，请刷新
best dropshipping companies,C,110,40,2.47,0.63,,1 个月
best dropshipping niches 2024 passive automated,,110,,0.00,0.00,,要更新指标数据，请刷新
best dropshipping platforms,C,110,24,3.39,0.80,142,3 周
best dropshipping products april 2025,C,110,13,0.00,0.00,130,2 周
best dropshipping products september 2025,C,110,13,0.00,0.00,270K,1 个月
best dropshipping site,C,110,24,3.96,0.77,22.9M,1 个月
best dropshipping software,C,110,30,5.81,0.17,5.1M,1 个月
best niches for dropshipping 2025,C,110,20,1.68,0.57,543K,2 周
best shopify themes for dropshipping,C,110,3,0.00,0.20,,1 个月
book dropshipping,C,110,24,1.57,0.85,20.4M,1 个月
books about dropshipping,C,110,17,1.57,0.85,7.5M,3 周
buy dropshipping business,I,110,19,2.29,0.85,,1 个月
buy dropshipping store,C,110,18,2.00,0.79,26M,2 周
can dropshipping make you money,I,110,24,0.92,0.45,21.4M,3 周
candle dropshipping,C,110,8,1.39,1.00,1.9M,3 周
canvas dropshipping suppliers ecommerce,I,110,38,0.00,0.00,136K,3 周
cenerto hurtownia dropshipping,,110,,0.00,0.00,,要更新指标数据，请刷新
clothes dropshipping,C,110,20,2.53,0.76,9.9M,上周
clothing dropshipping suppliers usa,C,110,29,2.62,1.00,214,1 个月
como hacer dropshipping,I,110,27,2.18,0.62,14.9M,1 个月
cons of dropshipping,I,110,26,1.22,0.53,2.1M,3 周
costco dropshipping,I,110,27,2.83,0.25,3.1M,4 周
creation entreprise dropshipping,I,110,8,0.00,0.00,462K,3 周
cybersecurity and ecommerce dropshipping compatibility skills,,110,,0.00,0.00,,要更新指标数据，请刷新
darjah dropshipping,N,110,10,0.00,0.14,10,1 个月
depop dropshipping reddit,N,110,28,0.00,0.01,37.8K,1 个月
depop dropshipping suppliers,I,110,21,1.95,0.64,50.4K,3 周
difference between dropshipping and ecommerce,I,110,11,1.77,0.34,109,3 周
disadvantages of dropshipping,I,110,14,0.00,0.24,781K,1 个月
doba dropshipping reviews,C,110,30,3.60,0.31,27K,1 个月
done for you dropshipping store,I,110,0,5.42,0.29,152,3 周
dropshipping agent china unique headline ideas,I,110,11,0.00,0.00,56.8K,3 周
dropshipping alternatives,I,110,18,2.32,0.30,112,2 周
dropshipping basics,I,110,45,1.26,0.45,4M,3 周
dropshipping bussiness,I,110,43,2.23,0.18,,1 个月
dropshipping china,I,110,7,2.24,0.38,,1 个月
dropshipping como funciona,I,110,15,1.88,0.46,2.7M,1 个月
dropshipping cosmetics,I,110,17,1.91,0.53,125,3 周
dropshipping course free,I,110,22,2.88,0.65,6.7M,1 个月
dropshipping def,I,110,52,0.86,0.14,2.7M,1 个月
dropshipping digital products,I,110,32,2.53,0.77,17.2M,3 周
dropshipping eeuu,I,110,29,2.64,0.58,124,1 个月
dropshipping example sites,C,110,23,2.01,0.45,10M,3 周
dropshipping fashion accessories and jewelry to africa,I,110,2,0.00,0.00,97,1 个月
dropshipping for amazon,I,110,40,2.89,0.58,22.1M,1 个月
dropshipping for beginners how to start shopify oberlo,,110,,0.00,0.00,,要更新指标数据，请刷新
dropshipping from aliexpress,I,110,46,3.36,0.51,6.1M,2 周
dropshipping from amazon,I,110,32,2.87,0.60,167,2 周
dropshipping from etsy,I,110,23,1.93,0.39,,1 个月
dropshipping furniture,C,110,18,2.08,0.92,6.5M,1 个月
dropshipping in vietnam 2025,I,110,9,0.00,0.29,357K,1 个月
dropshipping india,I,110,37,1.62,0.28,12.3M,1 个月
dropshipping is hard,I,110,24,1.29,0.18,134,3 周
dropshipping lingerie,C,110,10,1.84,0.92,1.3M,2 周
dropshipping logo,I,110,15,1.33,0.13,,1 个月
dropshipping louis vuitton,I,110,2,0.00,0.00,494K,上周
dropshipping margins for motorcycle accessories,,110,,0.00,0.00,,要更新指标数据，请刷新
dropshipping market,I,110,64,2.19,0.29,25.6M,2 周
dropshipping marketing strategy,I,110,3,5.34,0.03,4.4M,1 个月
dropshipping marketplace,I,110,73,3.00,0.09,141,1 个月
dropshipping news december 2025,I,110,11,0.00,0.00,888K,3 周
dropshipping on etsy,I,110,45,2.05,0.51,141,1 个月
dropshipping on tiktok shop,I,110,28,2.58,0.65,123,1 个月
dropshipping pet products,I,110,31,2.28,0.49,4.3M,上周
dropshipping pet supplies,I,110,12,1.93,0.14,1.4M,1 个月
dropshipping product research tool,I,110,34,3.78,0.25,2.9M,1 个月
dropshipping shoes,C,110,5,2.17,0.41,166,3 周
dropshipping shopify course,I,110,52,2.35,0.29,,1 个月
dropshipping softwares,C,110,47,6.24,0.15,22M,2 周
dropshipping statistics,I,110,36,1.98,0.43,2.8M,1 个月
dropshipping steuern österreich,I,110,7,0.00,0.00,329K,4 周
dropshipping store for sale,T,110,,2.16,0.66,24.6M,2 周
dropshipping suppliers australia,I,110,22,0.00,0.24,115,3 周
dropshipping suppliers for amazon,I,110,20,2.91,0.41,3.1M,1 个月
dropshipping suppliers with fast shipping,I,110,40,2.92,0.78,3M,2 周
dropshipping taxes,I,110,22,2.17,0.53,4.9M,1 个月
dropshipping walmart,C,110,21,2.44,0.63,4.1M,上周
e-commerce dropshipping,I,110,41,0.00,0.00,15.9M,1 个月
example dropshipping sites,I,110,6,2.01,0.45,,1 个月
explain dropshipping,I,110,56,0.71,0.37,7.2M,1 个月
free dropshipping platform,I,110,36,6.02,0.27,11.9M,1 个月
free dropshipping website,I,110,60,5.79,0.74,130,3 周
high demand dropshipping products,I,110,29,2.05,0.23,4.8M,2 周
high ticket dropshipping suppliers,I,110,18,1.71,0.54,258K,4 周
home decor dropshipping suppliers,C,110,4,2.78,0.67,751K,1 个月
how do you start dropshipping,I,110,41,2.64,0.59,38.8M,1 个月
how does artificial intelligence help with dropshipping product research,I,110,5,0.00,0.00,,1 个月
how does dropshipping work on shopify,I,110,31,1.36,0.47,119,1 个月
how does dropshipping work with shopify,I,110,38,1.36,0.47,163,1 个月
how does shopify dropshipping work,I,110,43,1.36,0.47,7.6M,1 个月
how much does it cost to start a dropshipping business,I,110,18,1.47,0.57,13.1M,1 个月
how much money can you make dropshipping,I,110,19,0.97,0.27,,1 个月
how much money do you make dropshipping,I,110,18,0.97,0.27,142,3 周
how to find products for dropshipping,I,110,57,2.35,0.63,27.2M,4 周
how to find winning products for dropshipping,I,110,15,3.71,0.70,37.9M,3 周
how to set up a dropshipping business,I,110,47,2.52,0.75,123,3 周
how to set up shopify store for dropshipping,I,110,45,3.59,0.78,15.5M,3 周
how to start dropshipping in 2026,,110,,3.64,0.66,,要更新指标数据，请刷新
hr dropshipping,I,110,14,0.00,0.64,3M,1 个月
is amazon a dropshipping company,I,110,43,0.00,0.03,9.4M,上周
is dropshipping a good business,I,110,39,1.34,0.30,24.5M,1 个月
is dropshipping allowed on ebay,I,110,43,2.25,0.06,4.4M,1 个月
is dropshipping bad,I,110,12,1.46,0.06,137,3 周
is dropshipping profitable in 2025,I,110,30,1.17,0.25,2.2M,2 周
llc for dropshipping,I,110,9,5.92,0.23,5.7M,上周
luxury dropshipping suppliers,I,110,23,2.05,0.56,1.1M,1 个月
oberlo dropshipping app,N,110,33,0.00,0.05,256K,3 周
online dropshipping,I,110,80,3.90,0.57,64.6M,3 周
pet dropshipping,I,110,34,2.00,0.28,,1 个月
popular dropshipping items,I,110,54,0.96,0.62,23.6M,1 个月
premade dropshipping stores,I,110,15,3.69,0.32,172K,1 个月
products for dropshipping,I,110,53,2.18,0.64,38.4M,1 个月
proveedores de dropshipping,I,110,5,1.66,0.82,5M,3 周
proveedores dropshipping,I,110,44,1.63,0.75,137,1 个月
retail dropshipping,I,110,50,2.99,0.29,20.5M,1 个月
saks fifth avenue dropshipping policy vendor requirements,I,110,16,0.00,0.00,1K,3 周
shopify dropshipping integration sterling silver jewelry suppliers,,110,,0.00,0.00,,要更新指标数据，请刷新
shopify dropshipping product research tools competitor analysis,,110,,0.00,0.00,,要更新指标数据，请刷新
shopify dropshipping software,T,110,67,3.99,0.17,2.5M,1 个月
shopify dropshipping store,I,110,50,2.87,0.22,,1 个月
study dropshipping,I,110,38,3.97,0.64,11M,1 个月
summer fashion trends 2026 dropshipping products high demand nigeria,,110,,0.00,0.00,,要更新指标数据，请刷新
t-shirt dropshipping,C,110,22,3.31,0.71,15.6M,3 周
tienda dropshipping,I,110,75,2.23,0.39,8.5M,2 周
top 50 dropshipping stores,I,110,30,1.99,0.43,23.2M,4 周
top dropshipping stores,I,110,8,1.79,0.37,43.7M,3 周
top profitable dropshipping niches 2024,,110,,0.00,0.00,,要更新指标数据，请刷新
trending dropshipping products april 2025,I,110,14,0.00,0.00,427K,1 个月
trendsi dropshipping,N,110,35,2.31,0.50,40.4K,1 个月
türkiye dropshipping tedarikçi,I,110,2,0.00,0.00,36.7K,1 个月
what is a dropshipping store,I,110,49,0.96,0.50,36.8M,1 个月
what is amazon dropshipping,I,110,34,0.94,0.55,28.8M,3 周
what is ecommerce dropshipping,I,110,47,0.85,0.38,124,1 个月
whats is dropshipping,I,110,53,0.00,0.00,60M,1 个月
winning products for dropshipping,I,110,14,2.50,0.61,34.8M,3 周
wix for dropshipping,I,110,44,3.56,0.52,122,1 个月
wordpress dropshipping,I,110,28,2.87,0.11,108,上周
zen dropshipping,N,110,47,3.96,0.63,1.2M,1 个月
2018 dropshipping massage,I,90,4,0.00,0.33,,1 个月
affordable fashion jewelry dropshipping suppliers wholesale,I,90,9,0.00,0.00,176,2 周
ali dropshipping reviews,I,90,27,2.77,0.52,516K,1 个月
alibaba dropshipping shopify,I,90,30,2.20,0.65,833K,3 周
aliexpress for dropshipping,I,90,43,2.90,0.27,141,1 个月
amazon dropshipping business model fees policies requirements,I,90,23,0.00,0.00,101,2 周
how does dropshipping works,I,90,51,1.00,0.55,29.2M,1 个月
how successful is dropshipping,I,90,40,1.38,0.25,16.7M,1 个月
how to automate dropshipping,I,90,9,3.99,0.81,124,1 个月
how to do amazon dropshipping,I,90,29,1.72,0.71,17.5M,1 个月
how to dropshipping on amazon,I,90,44,2.22,0.75,24.1M,1 个月
how to find a supplier for dropshipping,I,90,34,3.05,0.75,10.4M,1 个月
how to find trending products for dropshipping,I,90,36,2.42,0.80,9.5M,1 个月
how to fulfill orders on shopify dropshipping,I,90,28,3.08,0.24,144,1 个月
how to start an amazon dropshipping business,I,90,35,1.69,0.62,127,1 个月
how to start dropshipping uk,I,90,6,0.00,0.33,35.2M,1 个月
ideas for dropshipping,I,90,33,1.21,0.52,15.7M,3 周
is dropshipping allowed on amazon,I,90,39,2.44,0.19,15.3M,1 个月
is dropshipping dead in 2025,I,90,30,0.00,0.04,1.4M,3 周
is dropshipping ethical,I,90,4,1.46,0.04,,1 个月
is dropshipping oversaturated,I,90,18,1.08,0.14,120,1 个月
most profitable dropshipping niches,I,90,4,1.41,0.51,434K,1 个月
most profitable dropshipping products,I,90,45,1.20,0.72,2.6M,1 个月
most successful dropshipping stores,I,90,6,1.29,0.44,6.8M,1 个月
niches dropshipping,I,90,27,2.00,0.15,1.2M,1 个月
organic vs paid ads dropshipping strategies effectiveness,I,90,,0.00,0.00,120K,2 周
prebuilt dropshipping stores,I,90,31,3.44,0.83,144,3 周
premade dropshipping stores for sale,C,90,17,3.60,0.94,18.4K,上周
private label dropshipping supplements,I,90,6,2.88,0.60,61.5K,1 个月
products dropshipping,C,90,60,2.44,0.62,31.6M,1 个月
profitable dropshipping,I,90,28,1.28,0.15,150,3 周
profitable dropshipping niches 2025,I,90,22,0.00,0.00,316K,1 个月
profitable dropshipping niches 2026,,90,,0.00,0.00,,要更新指标数据，请刷新
shopify app dropshipping,N,90,27,3.88,0.03,,1 个月
shopify courses dropshipping,I,90,43,2.35,0.29,,1 个月
shopify dropshipping stores for sale,I,90,21,3.08,0.36,8M,上周
shopify dropshipping tools,T,90,37,0.00,0.02,106,2 周
shopify store dropshipping,I,90,50,3.50,0.31,11.8M,1 个月
squarespace dropshipping,I,90,31,3.77,0.72,881K,1 个月
tasha apparel dropshipping,N,90,6,2.12,0.59,123,3 周
tea dropshipping,I,90,3,1.45,0.72,109,2 周
top dropshipping websites,C,90,43,2.38,0.55,34.3M,3 周
top selling dropshipping products,I,90,39,1.50,0.72,,1 个月
tshirt dropshipping,C,90,29,3.70,0.73,17.2M,1 个月
udemy dropshipping course,N,90,44,1.48,0.22,193K,2 周
unified dropshipping,I,90,20,3.19,0.56,378K,1 个月
us dropshipping suppliers for shopify,I,90,51,2.58,0.78,1.9M,1 个月
us suppliers for dropshipping,I,90,75,3.34,0.89,7M,1 个月
vad är dropshipping,I,90,12,0.00,0.29,297K,2 周
viral dropshipping products 2025,I,90,17,1.76,0.42,14.3M,1 个月
virtual assistant dropshipping,I,90,10,0.00,0.33,1.5M,1 个月
walmart dropshipping suppliers,I,90,22,2.15,0.41,,1 个月
what are the pros and cons of dropshipping,I,90,15,0.86,0.42,3.2M,1 个月
what's the difference between dropshipping and connective ecommerce,I,90,15,0.00,0.00,1.1M,1 个月
wholesale jewelry suppliers global shipping dropshipping,C,90,19,0.00,0.00,913K,1 个月
wix and dropshipping,N,90,41,3.56,0.52,,1 个月
wordpress for dropshipping,I,90,22,2.87,0.11,118,4 周
2025 trending dropshipping products,I,70,34,0.00,0.00,19.2M,1 个月
ac hampton dropshipping course,I,70,43,0.00,0.36,,1 个月
affiliate vs dropshipping,I,70,25,0.68,0.22,119,3 周
affordable fashion jewelry dropshipping suppliers usa,C,70,20,0.00,0.00,745K,1 个月
ai branded dropshipping,I,70,47,4.56,0.60,125,3 周
ai dropshipping store builder,I,70,51,6.85,0.71,,1 个月
ai impact on dropshipping software,I,70,24,0.00,0.00,1.5M,1 个月
alibaba dropshipping portal,N,70,30,1.41,0.08,105K,2 周
aliexpress dropshipping cente,I,70,54,2.57,0.57,1.3M,3 周
aliexpress dropshipping center.,I,70,39,2.57,0.57,1.2M,1 个月
aliexpress to ebay dropshipping tool,I,70,13,2.43,0.31,571K,1 个月
aliexpress trending products 2025 dropshipping,I,70,31,0.00,0.00,1.2M,1 个月
alixpress dropshipping,I,70,67,2.90,0.27,6.9M,3 周
amazon automation dropshipping,I,70,9,0.00,0.25,399K,1 个月
amazon dropshipping app,I,70,48,4.46,0.50,16.8M,3 周
amazon dropshipping business for sale,I,70,17,1.76,0.60,10.4M,1 个月
amazon dropshipping course,I,70,23,1.92,0.48,3M,3 周
amazon dropshipping fba private label wholesale 2025,I,70,17,0.00,0.00,109K,上周
amazon dropshipping policy 2026,,70,,0.00,0.00,,要更新指标数据，请刷新
amazon dropshipping rules,I,70,26,0.82,0.51,1.5M,2 周
amazon dropshipping software,I,70,11,5.85,0.35,9M,1 个月
amazon fbm dropshipping,I,70,37,2.68,0.19,108,2 周
auto parts dropshipping suppliers usa,I,70,11,0.00,0.00,202K,上周
autods dropshipping platform,N,70,57,0.00,0.01,108K,1 个月
autods dropshipping tools,N,70,48,0.00,0.02,140K,1 个月
autods: dropshipping,N,70,46,3.09,0.40,858K,2 周
average monthly earnings dropshipping 2024,,70,,0.00,0.00,,要更新指标数据，请刷新
basics of dropshipping,I,70,56,2.41,0.62,184,1 个月
bdroppy fashion dropshipping services,,70,,0.00,0.00,,要更新指标数据，请刷新
best dropshipping apps 2024,C,70,0,0.00,0.00,139,4 周
best dropshipping products august 2025,C,70,12,0.00,0.00,115,1 个月
best dropshipping products december 2025,C,70,18,0.00,0.00,1.5M,上周
best dropshipping products may 2025,I,70,27,0.00,0.00,15.7M,1 个月
best dropshipping products to sell,I,70,35,1.46,0.59,16.8M,3 周
best dropshipping programs,C,70,32,4.98,0.23,17.6M,1 个月
best dropshipping supplier for fashion jewelry no inventory,C,70,9,0.00,0.00,461K,上周
best dropshipping tools,C,70,27,7.99,0.27,18.3M,1 个月
best high-ticket dropshipping niches,I,70,8,0.00,0.00,42.4K,1 个月
best niche for dropshipping,C,70,16,1.65,0.62,147,1 个月
best niches for passive dropshipping 2024,,70,,0.00,0.00,,要更新指标数据，请刷新
best product research tools for dropshipping,C,70,23,6.42,0.78,126,1 个月
best selling dropshipping products,C,70,35,1.94,0.57,17.5M,1 个月
best us dropshipping suppliers,C,70,51,2.29,0.77,5.9M,1 个月
best website builder for dropshipping,C,70,27,4.15,0.93,3.5M,1 个月
bigcommerce dropshipping suppliers,I,70,18,4.62,0.97,109,1 个月
black friday dropshipping,I,70,4,0.00,0.11,2M,1 个月
books dropshipping,C,70,21,1.57,0.85,,1 个月
branded dropshipping 2024 profitability case study,I,70,14,0.00,0.00,180K,1 个月
branded dropshipping profitability 2024 case study,I,70,19,0.00,0.00,772K,1 个月
branded dropshipping profitability 2024 data,I,70,19,0.00,0.00,1.1M,1 个月
branded dropshipping profitability 2024 statistics,I,70,20,0.00,0.00,111,1 个月
branded dropshipping suppliers,I,70,76,2.46,0.73,8.8M,1 个月
brandsgateway dropshipping,N,70,33,2.93,0.47,910,3 周
can a 15 year old start dropshipping business,I,70,,0.00,0.00,132,上周
can i make money with dropshipping,I,70,32,0.96,0.37,15.6M,上周
china dropshipping,I,70,15,1.97,0.45,15.2M,3 周
china dropshipping suppliers,I,70,12,2.38,0.45,2.7M,1 个月
collective dropshipping,I,70,2,2.62,0.66,957K,上周
common challenges automating dropshipping workflows 2025,I,70,4,0.00,0.00,143K,上周
como fazer dropshipping,I,70,22,2.22,0.62,12.1M,1 个月
como hacer dropshipping en amazon,I,70,,2.03,0.71,5.2M,2 周
cosmetics dropshipping,C,70,6,1.91,0.53,5.6M,4 周
costume jewelry dropshipping global shipping,I,70,,0.00,0.00,3.2M,1 个月
create a dropshipping website,I,70,34,6.45,0.81,15.9M,1 个月
curso de dropshipping,I,70,10,1.75,0.74,3.8M,3 周
customer service in dropshipping,I,70,10,0.00,0.33,12.6M,1 个月
difference between ecommerce and dropshipping,I,70,18,0.71,0.42,26.5M,1 个月
does dropshipping make money,I,70,46,0.96,0.37,142,1 个月
does faire do dropshipping,T,70,12,3.30,0.25,2.7M,3 周
downside of dropshipping,I,70,12,0.37,0.55,351K,3 周
dropi.co dropshipping colombia,,70,,0.00,0.00,,要更新指标数据，请刷新
dropshipping advertising,I,70,13,7.90,0.32,122,1 个月
dropshipping ai free,I,70,45,6.04,0.82,,1 个月
dropshipping amazon fba,I,70,29,1.78,0.28,1.5M,1 个月
dropshipping at 16,I,70,21,3.40,0.83,106,2 周
dropshipping auto parts,I,70,7,2.01,0.59,1.9M,3 周
dropshipping automation tools business benefits,,70,,0.00,0.00,,要更新指标数据，请刷新
dropshipping baby products,C,70,27,0.00,0.00,265,1 个月
dropshipping beginnen,I,70,41,0.00,0.00,123,1 个月
dropshipping belgie,C,70,1,0.00,0.33,703K,1 个月
dropshipping boutique,I,70,36,3.16,0.55,108,1 个月
dropshipping boutique clothing,C,70,47,73.81,0.90,,1 个月
dropshipping brands,I,70,37,1.99,0.45,144,2 周
dropshipping business model definition ecommerce,I,70,46,0.00,0.00,6.2M,上周
dropshipping business model explained,I,70,41,0.00,0.33,141,1 个月
dropshipping business names,I,70,8,1.93,0.56,113,2 周
dropshipping business registration,I,70,6,0.00,0.02,746K,1 个月
dropshipping business.,I,70,54,2.26,0.16,52.7M,1 个月
dropshipping canada,I,70,10,1.49,0.29,113,2 周
dropshipping candles,I,70,10,1.39,1.00,1.3M,1 个月
dropshipping car perfume air freshener,C,70,10,0.00,0.33,,1 个月
dropshipping cbd,I,70,0,3.01,0.16,725K,1 个月
dropshipping children's clothing,I,70,11,0.00,0.00,168,1 个月
dropshipping coach,I,70,14,3.18,0.72,160,1 个月
dropshipping companies in usa,I,70,55,2.35,0.81,8.1M,3 周
dropshipping con aliexpress,I,70,54,3.62,0.95,2.5M,3 周
dropshipping cos'è,I,70,31,0.00,0.33,41.3K,3 周
dropshipping custom apparel,I,70,62,3.76,1.00,,1 个月
dropshipping dresses,C,70,14,2.31,0.77,,1 个月
dropshipping españa,I,70,13,0.00,0.00,6.7M,3 周
dropshipping france,I,70,5,0.00,0.33,11.9M,1 个月
dropshipping from india to usa guide 2024,,70,,0.00,0.00,,要更新指标数据，请刷新
dropshipping from usa,I,70,27,2.64,0.58,,1 个月
dropshipping fulfillment companies,I,70,38,9.16,0.82,2.1M,1 个月
dropshipping fulfillment services,I,70,18,5.85,0.15,2.2M,2 周
dropshipping furniture suppliers,I,70,12,2.69,0.90,1.1M,1 个月
dropshipping hoodies,C,70,11,3.01,1.00,218,1 个月
dropshipping in uae,I,70,7,0.00,0.40,1.8M,1 个月
dropshipping income,I,70,28,1.69,0.19,6.7M,1 个月
dropshipping kitchen,I,70,1,0.00,0.33,,1 个月
dropshipping kitchen products,C,70,3,2.10,0.48,4.8M,2 周
dropshipping knives,I,70,0,0.00,0.49,,1 个月
dropshipping learning,I,70,48,2.60,0.67,124,1 个月
dropshipping legal requirements,I,70,20,0.61,0.30,16.6M,1 个月
dropshipping manager,I,70,23,6.59,0.36,5.3M,1 个月
dropshipping netherlands,I,70,7,0.00,0.01,2.5M,1 个月
dropshipping niches with lowest return rates 2024,,70,,0.00,0.00,,要更新指标数据，请刷新
dropshipping o que é,I,70,22,0.61,0.20,139,1 个月
dropshipping oberlo,N,70,32,3.32,0.66,329K,3 周
dropshipping on facebook marketplace,I,70,21,3.10,0.42,5.7M,2 周
dropshipping on tiktok,I,70,25,2.86,0.49,21.9M,2 周
dropshipping opiniones,I,70,23,0.00,0.00,12.4M,1 个月
dropshipping perfume,I,70,1,1.85,0.63,10.8M,1 个月
dropshipping popularity 2024 statistics trends,I,70,35,0.00,0.00,95,上周
dropshipping pricing,I,70,20,1.14,0.07,18.4M,3 周
dropshipping privacy policy,I,70,18,0.00,0.33,127,1 个月
dropshipping process,I,70,27,1.61,0.47,121,1 个月
dropshipping product research tools,I,70,25,6.14,0.42,121,2 周
dropshipping products finder,I,70,38,3.06,0.57,121,2 周
dropshipping products shopify,I,70,85,2.33,0.41,,1 个月
dropshipping profit calculator,I,70,17,2.85,0.14,785K,2 周
dropshipping profit margins typical,I,70,35,0.00,0.00,142,1 个月
dropshipping profits,I,70,42,1.28,0.15,10.4M,1 个月
dropshipping reddit 2024,I,70,82,0.00,0.00,10,1 个月
dropshipping retailers,C,70,72,2.37,0.83,4.7M,1 个月
dropshipping returns,I,70,17,2.82,0.30,11.2M,1 个月
dropshipping seo,I,70,10,5.29,0.05,137,2 周
dropshipping services with shipping and logistics support for e-commerce scaling,I,70,0,0.00,0.00,142K,3 周
dropshipping shoe cleaning bag website design styles,I,70,19,0.00,0.00,919K,上周
dropshipping shop,I,70,54,2.57,0.44,123,2 周
dropshipping shopify guide,I,70,32,2.57,0.30,3.9M,1 个月
dropshipping significato,I,70,37,0.00,0.16,124,3 周
dropshipping startup,I,70,53,4.07,0.68,124,1 个月
dropshipping tiktok shop,I,70,28,2.53,0.48,13.6M,2 周
dropshipping tools ecommerce platform supplier product research,I,70,9,0.00,0.00,2.2M,上周
dropshipping toys,C,70,14,2.47,0.37,5.6M,2 周
dropshipping usa suppliers,I,70,73,2.56,0.66,,1 个月
dropshipping using aliexpress,I,70,30,2.43,0.68,5.6M,2 周
dropshipping video ads,I,70,21,7.15,0.11,,1 个月
dropshipping video ads service,I,70,13,0.00,0.00,868K,1 个月
dropshipping wholesale,I,70,66,3.41,0.80,13.8M,1 个月
dropshipping with woocommerce,I,70,45,3.96,0.50,,1 个月
dropshipping wix,I,70,38,3.56,0.52,123,1 个月
dropshipping woocommerce,I,70,44,4.52,0.55,2.9M,1 个月
e-commerce & dropshipping marketing,I,70,22,0.00,0.00,7.1M,4 周
ebay dropshipping guide 2024 business model supplier product research,I,70,11,0.00,0.00,47.8K,1 个月
electronics dropshipping,C,70,16,2.30,0.30,135,3 周
fast dropshipping suppliers,I,70,41,2.38,0.32,111,2 周
fba dropshipping,I,70,19,2.45,0.58,142,1 个月
fishing tackle dropshipping,I,70,5,1.71,0.62,,1 个月
free dropshipping platforms,I,70,33,6.25,0.16,15.2M,2 周
free dropshipping product research tool,I,70,28,4.44,0.66,1.7M,2 周
fulfill dropshipping,I,70,29,5.51,0.70,993K,1 个月
fulfillment dropshipping,I,70,46,5.31,0.48,5.1M,1 个月
fully automated dropshipping business for sale,I,70,17,2.89,0.88,410K,4 周
furniture dropshipping,I,70,14,2.05,0.98,5.5M,上周
generate valid tracking numbers for dropshipping,I,70,0,5.27,0.61,10.3K,1 个月
halloween dropshipping,I,70,5,0.00,0.20,4.3M,1 个月
high demand products for dropshipping,I,70,47,1.40,0.10,4.5M,2 周
high ticket dropshipping items,I,70,10,0.54,0.54,223K,1 个月
hoe werkt dropshipping,I,70,17,0.00,0.00,191K,1 个月
hot dropshipping products,I,70,25,2.12,0.57,8.7M,1 个月
how do i start dropshipping on amazon,I,70,37,2.15,0.09,18.1M,上周
how much can i make dropshipping,I,70,18,1.31,0.35,29.8M,1 个月
how much can i make from dropshipping,I,70,19,1.31,0.35,142,1 个月
how old do you have to be to start dropshipping,I,70,2,1.86,0.22,38.9M,1 个月
how to begin dropshipping,I,70,38,2.92,0.71,23.4M,3 周
how to create a dropshipping website,I,70,41,5.06,0.81,15.8M,1 个月
how to create a website for dropshipping,I,70,26,3.99,0.67,133,3 周
how to do dropshipping on shopify,I,70,48,2.98,0.58,16.3M,3 周
how to find supplier for dropshipping,I,70,23,2.83,0.76,5.5M,1 个月
how to get started in dropshipping,I,70,44,2.15,0.66,43.2M,3 周
how to get started with dropshipping,I,70,41,2.83,0.71,34.9M,3 周
how to make a dropshipping website,I,70,43,5.21,0.74,20.5M,1 个月
how to set up dropshipping on amazon,I,70,42,2.79,0.76,131,3 周
how to set up dropshipping on shopify,I,70,39,60.99,0.76,14.1M,上周
how to start a shopify dropshipping store,I,70,32,2.74,0.59,11.6M,2 周
how to start ai dropshipping,I,70,24,4.93,0.64,,1 个月
how to succeed in dropshipping,I,70,29,2.13,0.69,1.3M,3 周
ideal niches for passive automated dropshipping 2024,,70,,0.00,0.00,,要更新指标数据，请刷新
ideal target markets for passive automated dropshipping 2024,,70,,0.00,0.00,,要更新指标数据，请刷新
indian dropshipping business names suggestions,,70,,0.00,0.00,,要更新指标数据，请刷新
is dropshipping ecommerce,I,70,20,2.02,0.13,144,3 周
is dropshipping real,I,70,26,2.05,0.31,39M,3 周
is dropshipping saturated,I,70,12,1.16,0.23,357K,1 个月
is dropshipping worth it reddit,N,70,26,3.54,0.07,13.5M,1 个月
is oberlo still available for shopify dropshipping,,70,,0.00,0.00,,要更新指标数据，请刷新
jewelry dropshipping suppliers usa,C,70,14,1.47,0.96,427K,上周
kevin zhang dropshipping,I,70,23,2.68,0.05,16.1K,1 个月
manufacturers for dropshipping,C,70,60,2.56,0.50,6.6M,3 周
most popular dropshipping products,I,70,41,1.14,0.62,17.9M,1 个月
namshi seller program dropshipping,,70,,0.00,0.00,,要更新指标数据，请刷新
pakistan dropshipping suppliers,I,70,9,0.00,0.43,,1 个月
pk dropshipping,N,70,18,0.00,0.33,1.4M,4 周
plataforma dropshipping brasil produtos infantis,,70,,0.00,0.00,,要更新指标数据，请刷新
portable air conditioner dropshipping,C,70,15,0.00,0.33,,1 个月
productos dropshipping,I,70,58,0.00,0.33,13.7M,1 个月
profitable dropshipping products,C,70,32,1.31,0.33,2.8M,2 周
proveedor dropshipping,I,70,73,1.92,0.64,123,2 周
seo for dropshipping,I,70,8,5.29,0.05,,1 个月
shipping policy for dropshipping,I,70,15,0.00,0.00,3.3K,2 周
shirt dropshipping,C,70,15,3.70,0.73,45.2M,1 个月
shoper integracje hurtownie dropshipping liczba,,70,,0.00,0.00,,要更新指标数据，请刷新
shopify amazon dropshipping,I,70,59,1.93,0.35,5.9M,3 周
shopify digital dropshipping,N,70,25,0.00,0.01,4M,1 个月
shopify dropshipping from amazon,I,70,34,1.93,0.35,,1 个月
shopify dropshipping suppliers without inventory,,70,,0.00,0.00,,要更新指标数据，请刷新
shopify dropshipping vs own inventory pros cons comparison,,70,,0.00,0.00,,要更新指标数据，请刷新
shopify for dropshipping,,70,,3.69,0.31,,要更新指标数据，请刷新
skincare dropshipping,C,70,9,2.42,0.84,214,2 周
spocket - dropshipping,N,70,61,0.00,0.00,334K,1 个月
square dropshipping,I,70,27,3.94,0.69,6M,上周
squarespace and dropshipping,I,70,34,3.77,0.72,110,4 周
start a dropshipping business for free,I,70,35,6.22,0.82,26.8M,2 周
sub dropshipping,I,70,31,0.00,0.43,,1 个月
success with dropshipping,I,70,27,1.28,0.25,17.2M,3 周
supplements dropshipping,C,70,9,2.35,0.66,2M,3 周
supplier for dropshipping,I,70,52,3.45,0.71,11.8M,3 周
tiendas de dropshipping exitosas,I,70,0,1.03,0.67,41.6K,2 周
tiktok dropshipping products,I,70,21,13.12,0.32,125,1 个月
top dropshipping items,I,70,28,1.49,0.63,124,2 周
top dropshipping shopify stores,I,70,13,2.35,0.47,120,1 个月
top dropshipping sites,C,70,31,2.67,0.70,35M,1 个月
turnkey dropshipping store,I,70,7,3.47,0.48,140,1 个月
vidaxl dropshipping,N,70,10,2.94,0.72,80K,2 周
viral dropshipping products january 2026,,70,,0.00,0.00,,要更新指标数据，请刷新
wall art dropshipping,C,70,23,0.00,0.02,,1 个月
was ist dropshipping,I,70,30,0.00,0.03,5.6M,4 周
what id dropshipping,I,70,45,0.82,0.30,65.5M,3 周
what is a dropshipping,I,70,50,0.82,0.30,38.5M,2 周
what is dropshipping on shopify,I,70,45,0.62,0.48,16.4M,3 周
what is dropshipping shopify,I,70,47,1.20,0.50,16.3M,1 个月
whats a dropshipping,I,70,50,0.00,0.57,137,3 周
wholesale and dropshipping,I,70,46,2.76,0.70,21.1M,1 个月
wholesale dropshipping suppliers usa,I,70,60,3.58,0.90,2.7M,1 个月
winning dropshipping niches 2025,,70,,0.00,0.00,,要更新指标数据，请刷新
winning products dropshipping,I,70,36,2.64,0.37,,1 个月
women's clothing dropshipping suppliers,C,70,17,2.43,0.67,725K,2 周
worldwide brands dropshipping,N,70,45,2.52,0.62,2.2M,1 个月
zopi dropshipping reviews,C,70,29,0.00,0.22,,1 个月
3d lamp dropshipping,C,50,4,0.00,0.33,555K,4 周
adobe commerce vs shopify for dropshipping,,50,,0.00,0.00,,要更新指标数据，请刷新
advantages and disadvantages of dropshipping,I,50,13,0.00,0.05,478K,1 个月
ai automated dropshipping,I,50,63,7.26,0.86,1.3M,1 个月
ai dropshipping app,I,50,52,5.84,0.73,30.8M,1 个月
ai dropshipping for beginners,,50,,4.64,0.99,,要更新指标数据，请刷新
ai dropshipping product finder,C,50,67,4.80,0.66,280K,1 个月
ai dropshipping products,I,50,71,3.98,0.32,24.3M,1 个月
ai dropshipping software,I,50,61,0.00,0.00,3.6M,1 个月
ai micro branded dropshipping,I,50,30,4.45,1.00,205K,2 周
ai powered dropshipping,I,50,50,4.95,0.15,2.6M,1 个月
ali dropshipping review,I,50,15,2.77,0.52,2.6M,4 周
ali express dropshipping center,C,50,46,2.68,0.61,1.4M,1 个月
aliexpres dropshipping,I,50,65,2.90,0.27,5.8M,2 周
aliexpress dropshipping account,I,50,65,3.62,0.73,,1 个月
aliexpress dropshipping app,I,50,62,3.29,0.36,3.7M,1 个月
aliexpress dropshipping news,I,50,11,0.00,0.00,128,1 个月
aliexpress to ebay dropshipping,I,50,13,3.18,0.65,1.2M,3 周
all in one dropshipping platform,I,50,64,5.95,0.04,19.8M,1 个月
amazon dropshipping automation,I,50,10,0.00,0.10,,1 个月
amazon dropshipping policy seller of record 2025,I,50,28,0.00,0.00,159K,1 个月
amazon dropshipping shopify,I,50,29,3.69,0.31,4.8M,1 个月
amazon dropshipping south africa,I,50,27,0.00,0.00,90,上周
amazon dropshipping virtual assistant,I,50,8,0.00,0.33,,1 个月
amazon ebay dropshipping,I,50,20,2.04,0.46,3M,1 个月
amazon wholesale dropshipping,I,50,47,2.43,0.57,1.8M,1 个月
amazon.ae amazon.sa dropshipping policy,,50,,0.00,0.00,,要更新指标数据，请刷新
andrew dropshipping,I,50,28,0.00,0.07,95,1 个月
apps to start dropshipping,C,50,12,6.91,0.83,5.7M,1 个月
atakto dropshipping,,50,,0.00,0.00,,要更新指标数据，请刷新
atakto.pl dropshipping,,50,,0.00,0.00,,要更新指标数据，请刷新
auto parts dropshipping suppliers,I,50,11,2.85,0.67,456K,3 周
automate dropshipping,I,50,31,5.57,0.92,1.8M,2 周
automated dropshipping software,I,50,65,0.00,0.13,,1 个月
automotive dropshipping suppliers,I,50,8,2.15,0.67,458K,上周
average conversion rate dropshipping 2024,,50,,0.00,0.00,,要更新指标数据，请刷新
average dropshipping profit margin,I,50,21,0.00,0.17,539K,上周
average order value dropshipping us 2024,,50,,0.00,0.00,,要更新指标数据，请刷新
average profit margin dropshipping phone accessories,,50,,0.00,0.00,,要更新指标数据，请刷新
best automated dropshipping software,C,50,35,4.51,0.96,315K,1 个月
best dropshipping apps for shopify 2024,C,50,8,0.00,0.00,4.2M,4 周
best dropshipping automation tools 2025,I,50,2,0.00,0.00,148,1 个月
best dropshipping courses 2025,C,50,18,0.00,0.00,12.3M,1 个月
best dropshipping product,C,50,33,1.44,0.56,144,1 个月
best dropshipping product research tool,C,50,22,0.00,0.86,1.9M,1 个月
best dropshipping site builders,C,50,16,0.00,0.00,9.7M,1 个月
best dropshipping suppliers 2025,C,50,24,3.22,0.78,5.8M,1 个月
best dropshipping suppliers for jewelry,C,50,6,0.00,0.67,,1 个月
best free dropshipping suppliers,C,50,59,2.99,0.76,,1 个月
best furniture dropshipping suppliers,C,50,8,0.00,0.50,177,上周
best high ticket dropshipping products,C,50,18,1.08,0.55,1.1M,1 个月
best laptop for dropshipping,C,50,14,2.83,0.85,205,1 个月
best products for dropshipping 2025,C,50,27,1.18,0.69,20M,2 周
best products to sell dropshipping,I,50,26,1.46,0.59,148,3 周
best shopify dropshipping apps 2024,C,50,9,0.00,0.00,126,4 周
best shopify dropshipping apps 2025,C,50,4,0.00,0.00,101,2 周
best way to start dropshipping,I,50,48,4.07,0.67,32.9M,3 周
bloom dropshipping,N,50,22,3.53,0.14,118,3 周
bong dropshipping,C,50,4,0.00,0.00,194K,1 个月
boutique dropshipping,C,50,45,3.00,0.63,11.1M,1 个月
boutique dropshipping usa,I,50,31,2.55,0.96,128,1 个月
branded dropshipping success stories 2024,I,50,11,0.00,0.00,3.7M,上周
branding dropshipping,I,50,27,2.80,0.53,42.8M,1 个月
build a dropshipping website,I,50,21,6.50,0.56,122,1 个月
buy a dropshipping business,T,50,14,2.14,0.75,18.6M,1 个月
buy a dropshipping store,I,50,17,2.08,0.81,24.6M,2 周
börja med dropshipping,I,50,23,0.00,0.00,201K,4 周
camping dropshipping suppliers,I,50,10,2.27,0.67,197K,3 周
can i start dropshipping with no money,I,50,14,3.71,0.58,19.6M,3 周
can you actually make money dropshipping,I,50,39,0.73,0.38,147,1 个月
can you really make money dropshipping,I,50,30,0.73,0.38,136,1 个月
can you really make money with dropshipping,I,50,16,0.73,0.38,19.1M,2 周
can you recommend the best dropshipping software,C,50,26,0.00,0.00,123,1 个月
can you start dropshipping with no money,I,50,22,3.13,0.55,20.8M,3 周
cbd dropshipping merchant account,I,50,19,0.00,0.00,,1 个月
chinese dropshipping suppliers,I,50,17,1.99,0.59,133,上周
cj dropshipping shopify,I,50,38,3.83,0.53,339K,1 个月
coffee dropshipping suppliers,I,50,3,2.29,0.33,14.4K,3 周
come fare dropshipping,I,50,30,0.00,0.33,1.1M,1 个月
common challenges automating dropshipping workflows 2024,I,50,12,0.00,0.00,58.2K,1 个月
common challenges automating dropshipping workflows 2026,,50,,0.00,0.00,,要更新指标数据，请刷新
como encontrar productos para dropshipping,I,50,22,0.00,1.00,719K,1 个月
comprar tienda dropshipping,C,50,89,0.00,0.00,7.3M,1 个月
comptabilité dropshipping,I,50,7,0.00,0.00,146K,1 个月
cos'è il dropshipping,I,50,31,0.00,0.00,37.4K,1 个月
custom dropshipping suppliers,I,50,37,2.46,0.38,3.6M,1 个月
custom packaging suppliers dropshipping fulfillment services,,50,,0.00,0.00,,要更新指标数据，请刷新
data driven dropshipping,,50,,2.81,0.66,,要更新指标数据，请刷新
discord dropshipping,N,50,34,0.00,0.04,2.7M,上周
dj dropshipping,N,50,52,1.87,0.65,1M,2 周
do you need a business license for dropshipping,I,50,26,2.37,0.30,3M,1 个月
does dropshipping work in 2025,I,50,36,1.59,0.22,20.8M,1 个月
drop servicing vs dropshipping,I,50,18,0.00,0.14,10.6M,1 个月
dropshipping 2023,I,50,19,0.00,0.33,125,1 个月
dropshipping 3pl,I,50,9,6.61,0.84,779K,3 周
dropshipping ad,I,50,21,7.90,0.32,7.2M,1 个月
dropshipping agents,I,50,18,3.99,0.33,3.1M,3 周
dropshipping agreement contract,I,50,4,0.00,0.14,402K,3 周
dropshipping amazon ebay,I,50,26,2.04,0.46,,1 个月
dropshipping api integration,I,50,0,0.00,0.43,2.6M,4 周
dropshipping b2b,I,50,7,3.30,0.33,11.2M,1 个月
dropshipping baseball caps,C,50,13,0.00,0.33,5.2M,4 周
dropshipping beginners,I,50,33,2.73,0.69,3.8M,2 周
dropshipping bigcommerce,I,50,18,5.14,0.19,1M,2 周
dropshipping bracelet men luxury,C,50,0,0.00,0.33,832K,1 个月
dropshipping business guide,I,50,44,0.00,0.33,15.9M,上周
dropshipping business meaning,I,50,51,0.77,0.46,6.4M,2 周
dropshipping business niche,I,50,2,0.00,0.33,1.5M,1 个月
dropshipping by modalyst,N,50,34,3.99,0.77,19.3K,1 个月
dropshipping calculator,I,50,8,2.56,0.20,3.9M,上周
dropshipping center,I,50,40,3.05,0.30,26.1M,1 个月
dropshipping center aliexpress,I,50,44,2.92,0.49,1.2M,1 个月
dropshipping challenges,I,50,11,2.20,0.43,,1 个月
dropshipping chrome extensions,C,50,13,0.00,0.10,137K,1 个月
dropshipping class,I,50,34,3.19,0.70,118,1 个月
dropshipping clothes suppliers,C,50,23,2.95,0.80,1.5M,上周
dropshipping clothing brand,I,50,40,3.15,0.42,11.2M,1 个月
dropshipping clothing store,I,50,26,2.99,0.48,10.8M,2 周
dropshipping clothing suppliers usa,C,50,27,3.26,0.97,351K,1 个月
dropshipping club dresses,C,50,0,0.00,0.33,931K,上周
dropshipping coffee suppliers,I,50,3,2.52,0.45,800K,1 个月
dropshipping come funziona,I,50,13,0.00,0.29,347K,上周
dropshipping come iniziare,I,50,13,2.26,0.71,188K,1 个月
dropshipping con amazon,I,50,50,0.00,0.79,11.6M,1 个月
dropshipping cons,I,50,17,1.22,0.53,2.5M,3 周
dropshipping costs,I,50,11,0.98,0.44,30.7M,1 个月
dropshipping custom clothing,I,50,25,3.26,0.95,,1 个月
dropshipping custom products,I,50,24,2.91,0.94,12.4M,1 个月
dropshipping danmark,I,50,6,0.00,0.86,111,1 个月
dropshipping dead,I,50,25,0.00,0.02,2M,1 个月
dropshipping discord server,C,50,29,4.46,0.13,635K,2 周
dropshipping discord servers,I,50,17,4.46,0.13,105,2 周
dropshipping distributors,C,50,66,3.20,0.64,2.6M,1 个月
dropshipping dog products,I,50,15,2.25,0.60,7.6M,1 个月
dropshipping définition,I,50,50,0.82,0.14,140,3 周
dropshipping e commerce,I,50,68,3.47,0.24,16.7M,1 个月
dropshipping embroidery,I,50,24,2.08,0.87,1.9M,上周
dropshipping en amazon,I,50,42,2.89,0.58,16.9M,1 个月
dropshipping firearms,I,50,1,0.00,0.00,584K,4 周
dropshipping for etsy,I,50,29,2.34,0.37,4.3M,1 个月
dropshipping fornitori,C,50,4,0.00,0.00,123,1 个月
dropshipping from amazon to shopify,I,50,19,1.93,0.35,6M,3 周
dropshipping from amazon to tiktok shop,I,50,19,0.00,0.39,143,1 个月
dropshipping from india to usa 2024 guide,,50,,0.00,0.00,,要更新指标数据，请刷新
dropshipping from india to usa process 2024,,50,,0.00,0.00,,要更新指标数据，请刷新
dropshipping from us,I,50,77,4.02,0.70,,1 个月
dropshipping fulfillment service,I,50,38,5.85,0.15,,1 个月
dropshipping företag,I,50,49,0.00,0.00,162K,1 个月
dropshipping getting started,I,50,33,3.43,0.82,48.7M,1 个月
dropshipping hair suppliers,I,50,12,2.45,0.98,130,1 个月
dropshipping hair vendors,I,50,15,2.44,0.99,,1 个月
dropshipping i sverige,I,50,23,0.00,0.00,,1 个月
dropshipping in france,I,50,5,0.00,0.33,8.5M,上周
dropshipping in pakistan,I,50,8,2.28,0.39,,1 个月
dropshipping italia,C,50,10,0.00,0.33,6.8M,1 个月
dropshipping jewellery,C,50,26,1.84,0.92,6.1M,1 个月
dropshipping jewelry suppliers in usa,C,50,11,0.00,0.00,1.4M,2 周
dropshipping journals,I,50,16,2.00,1.00,179,1 个月
dropshipping lego,I,50,3,1.46,0.88,1.3M,2 周
dropshipping leverantör sverige,I,50,8,0.00,0.33,98,1 个月
dropshipping manufacturers,I,50,53,2.56,0.50,5M,2 周
dropshipping maroc,I,50,3,0.00,0.43,654K,上周
dropshipping message to supplier example,I,50,14,0.00,0.33,296K,1 个月
dropshipping mistakes,I,50,16,0.00,0.04,1M,1 个月
dropshipping nail supplies,I,50,60,0.00,0.67,1.5M,1 个月
dropshipping nasıl yapılır,I,50,27,0.00,0.38,109,3 周
dropshipping new york,C,50,18,0.00,0.00,2.5M,1 个月
dropshipping new york ny,C,50,16,0.00,0.00,503K,1 个月
dropshipping niches 2023,C,50,10,0.00,0.00,1.8M,1 个月
dropshipping on amazon policy,I,50,49,0.00,0.00,3.8M,1 个月
dropshipping opportunities,I,50,56,1.98,0.83,5.5M,1 个月
dropshipping order fulfillment,I,50,12,6.00,0.16,139,1 个月
dropshipping personalized products,I,50,21,2.88,0.90,219,1 个月
dropshipping pet supplies profit margins,,50,,0.00,0.00,,要更新指标数据，请刷新
dropshipping philippines,I,50,4,1.13,0.14,7.6M,3 周
dropshipping phone cases,C,50,17,29.44,0.70,,1 个月
dropshipping private label,I,50,13,2.01,0.52,2.9M,3 周
dropshipping producten,I,50,44,0.00,0.00,148,1 个月
dropshipping products 2025,I,50,38,2.19,0.63,28.4M,1 个月
dropshipping products on shopify without owning inventory,,50,,0.00,0.00,,要更新指标数据，请刷新
dropshipping products website,C,50,74,2.56,0.76,,1 个月
dropshipping produkter,I,50,50,0.00,0.00,,1 个月
dropshipping profit margins 2026,,50,,0.00,0.00,,要更新指标数据，请刷新
dropshipping programs,C,50,46,2.76,0.21,6.6M,1 个月
dropshipping redit,N,50,36,7.99,0.02,8.3M,1 个月
dropshipping security products,I,50,3,2.48,0.35,5.4M,1 个月
dropshipping services with automatic inventory synchronization,I,50,1,0.00,0.00,147,4 周
dropshipping shopee,I,50,16,2.57,0.44,114,1 个月
dropshipping significado,I,50,31,3.07,0.18,11.3M,1 个月
dropshipping singapore,I,50,3,0.00,0.46,,1 个月
dropshipping sites for sale,I,50,16,1.93,0.70,,1 个月
dropshipping sites in usa,,50,,0.00,0.99,,要更新指标数据，请刷新
dropshipping skincare,I,50,20,2.42,0.84,,1 个月
dropshipping solution,I,50,69,0.00,0.05,,1 个月
dropshipping stainless steel men's jewelry blind shipping us eu,I,50,6,0.00,0.00,45.9K,1 个月
dropshipping store builder,C,50,53,7.16,0.19,22M,1 个月
dropshipping summer tops,C,50,2,0.00,0.33,178,1 个月
dropshipping sundress ladies,C,50,11,0.00,0.00,,1 个月
dropshipping sunglasses,C,50,0,1.91,0.84,,1 个月
dropshipping suppliers in pakistan,I,50,3,0.00,0.50,102,2 周
dropshipping suppliers list,I,50,43,2.05,0.70,2.8M,1 个月
dropshipping tea,I,50,8,1.45,0.72,8.5M,1 个月
dropshipping tedarikçi türkiye,I,50,0,0.00,0.00,123,1 个月
dropshipping testimonials,I,50,29,0.00,0.33,400K,1 个月
dropshipping titans,I,50,23,3.80,0.25,320K,1 个月
dropshipping to amazon,I,50,34,2.87,0.60,30.2M,1 个月
dropshipping top products,I,50,57,1.54,0.56,24.7M,1 个月
dropshipping training,I,50,39,2.00,0.53,11.8M,3 周
dropshipping trends,I,50,35,1.86,0.40,14.2M,1 个月
dropshipping trends 2025,I,50,17,0.00,0.33,7.8M,2 周
dropshipping university,I,50,21,3.06,0.26,2.5M,2 周
dropshipping us companies,I,50,35,0.00,0.00,12.4M,1 个月
dropshipping using amazon,I,50,31,1.46,0.67,23M,3 周
dropshipping vendor,I,50,76,3.21,0.58,6.6M,1 个月
dropshipping video ads kit,I,50,9,0.00,0.00,768K,4 周
dropshipping videos,N,50,42,3.60,0.39,29.3M,1 个月
dropshipping watches,C,50,6,1.83,0.82,2.9M,1 个月
dropshipping websites for sale,T,50,45,1.93,0.70,148,1 个月
dropshipping wholesale clothing usa,C,50,47,0.00,0.33,221,4 周
dropshipping wig suppliers,C,50,15,2.39,0.58,85.4K,1 个月
dropshipping winning products finder,C,50,56,0.00,0.29,561K,1 个月
dropshipping with ai,I,50,45,3.84,0.54,109,2 周
dropshipping with aliexpress and shopify,I,50,42,2.39,0.66,491K,1 个月
dropshipping with bigcommerce,I,50,12,6.48,0.41,1M,1 个月
dropshipping with shopify and aliexpress,I,50,60,2.39,0.66,1.4M,3 周
dropshipping women's clothing suppliers,C,50,24,3.15,0.63,,1 个月
dropshipping womens clothing,C,50,15,2.06,0.96,4.4M,1 个月
dropshipping youtube,N,50,50,3.92,0.12,26.9M,1 个月
dropshipping zonder kvk,I,50,14,0.00,0.00,85,4 周
dropshipping 中文,I,50,27,0.00,0.03,2.8M,1 个月
dropshipping 是 什么,I,50,23,0.83,0.07,,1 个月
easy dropshipping,I,50,29,4.28,0.66,,1 个月
ebay dropshipping automation,I,50,49,72.18,0.69,,1 个月
ebay dropshipping course,I,50,26,1.70,0.24,1.1M,1 个月
embroidery dropshipping,I,50,36,2.25,0.94,127,1 个月
empresas dropshipping,C,50,43,0.00,0.00,4.6M,1 个月
empresas que hacen dropshipping en méxico,I,50,25,0.00,0.00,112,3 周
etsy dropshipping integration,I,50,24,0.00,0.37,,1 个月
etsy dropshipping suppliers,I,50,22,1.70,0.61,205,3 周
explain artificial intelligence in dropshipping,I,50,2,0.00,0.00,17.2K,3 周
explain dropshipping automation types,I,50,14,0.00,0.00,163K,2 周
explain to me what dropshipping fulfillment is,I,50,11,0.00,0.00,143,1 个月
fake dropshipping game,I,50,24,0.00,0.33,696K,2 周
fast delivery dropshipping jewelry china to canada,,50,,0.00,0.00,,要更新指标数据，请刷新
fastest growing dropshipping niche 2025,,50,,0.00,0.00,,要更新指标数据，请刷新
fornecedor dropshipping,C,50,87,2.94,0.80,2.2M,1 个月
fornitori dropshipping,C,50,34,0.00,0.33,289K,1 个月
fornitori dropshipping italia,C,50,8,0.00,0.86,77.3K,1 个月
free platform for dropshipping,,50,,0.00,0.33,,要更新指标数据，请刷新
furniture dropshipping uk,I,50,12,0.00,0.33,1.3M,1 个月
ghost dropshipping,I,50,15,0.00,0.43,2.8M,1 个月
guide to dropshipping,I,50,53,1.77,0.64,30.3M,1 个月
gulf dropshipping,I,50,23,0.00,0.14,138K,1 个月
halloween dropshipping products,C,50,10,0.00,0.00,1.7M,3 周
hoko dropshipping,I,50,19,0.00,0.00,84,1 个月
home and garden dropshipping,I,50,1,0.00,0.14,6.8M,1 个月
home decor dropshipping suppliers usa,I,50,16,2.69,1.00,310K,3 周
hot products for dropshipping,I,50,22,1.46,0.47,7.5M,3 周
how does ai dropshipping work,,50,,3.16,0.66,,要更新指标数据，请刷新
how hard is dropshipping,I,50,33,1.16,0.27,128,3 周
how much do you make dropshipping,I,50,20,0.76,0.24,21.7M,3 周
how to be successful in dropshipping,I,50,33,2.43,0.71,16.4M,1 个月
how to build a dropshipping website,I,50,40,3.01,0.80,165,4 周
how to create a dropshipping business,I,50,53,2.95,0.72,26.5M,1 个月
how to do dropshipping with shopify,I,50,44,2.98,0.58,8.9M,1 个月
how to find reliable dropshipping suppliers,I,50,25,0.00,0.32,4M,1 个月
how to fulfill dropshipping orders on shopify,I,50,23,3.08,0.24,8.1M,3 周
how to learn dropshipping step by step,,50,,2.08,0.99,,要更新指标数据，请刷新
how to make money from dropshipping,I,50,28,1.96,0.65,20.6M,1 个月
how to make money with dropshipping,I,50,33,1.96,0.65,20.8M,1 个月
how to set up dropshipping business,I,50,32,2.52,0.75,23.6M,2 周
how to start a dropshipping clothing business,I,50,25,0.00,0.25,9.4M,2 周
how to start a dropshipping store,I,50,36,3.82,0.33,,1 个月
how to test products dropshipping,I,50,17,0.00,0.33,,1 个月
how to use aliexpress for dropshipping,I,50,26,2.69,0.75,7.1M,1 个月
how to use shopify for dropshipping,I,50,44,2.73,0.66,161,1 个月
hur börjar man med dropshipping,I,50,12,0.00,0.00,29.7K,4 周
hur startar man dropshipping,I,50,22,0.00,0.00,10.1K,4 周
hurtownia cenerto dropshipping,,50,,0.00,0.00,,要更新指标数据，请刷新
hurtownie dropshipping,I,50,5,0.00,0.02,52.3K,2 周
is ai dropshipping legit,I,50,,5.61,0.20,7.2M,1 个月
is amazon dropshipping,I,50,42,0.00,0.05,25.6M,2 周
is cj dropshipping legit,I,50,13,4.71,0.08,52.8K,上周
is dropshipping coffee profitable,I,50,7,1.43,0.30,123,1 个月
is dropshipping free,I,50,20,3.43,0.55,37.2M,1 个月
is dropshipping legal on amazon,I,50,40,0.00,0.09,4M,3 周
is dropshipping legal under 18,I,50,1,4.09,0.07,12.3M,1 个月
is dropshipping on ebay worth it,I,50,23,2.31,0.46,4.8M,上周
is dropshipping still profitable in 2026,,50,,1.58,0.33,,要更新指标数据，请刷新
is dropshipping still viable in 2025,I,50,24,2.40,0.17,385K,1 个月
is e commerce dropshipping,I,50,19,1.63,0.16,134,1 个月
is ecommerce dropshipping,I,50,30,1.63,0.16,26.3M,上周
jewellery dropshipping,I,50,14,1.84,0.92,114,3 周
jewellery dropshipping suppliers,C,50,15,2.13,0.86,166,上周
kvk dropshipping,N,50,13,0.00,0.00,92.6K,4 周
lingerie dropshipping,I,50,11,1.84,0.92,1.2M,上周
magento dropshipping,I,50,15,0.00,0.24,770K,2 周
magic soaps dropshipping,,50,,3.22,0.03,,要更新指标数据，请刷新
marketing for dropshipping,I,50,17,8.72,0.30,45.2M,1 个月
mayorista dropshipping,C,50,8,0.00,0.00,,1 个月
medical supplies dropshipping,I,50,6,2.57,0.42,,1 个月
meo dropshipping,,50,,3.51,0.66,,要更新指标数据，请刷新
mercari dropshipping,I,50,15,2.50,0.22,241K,3 周
minea dropshipping,N,50,42,3.51,0.71,28K,1 个月
most profitable dropshipping categories 2025,,50,,0.00,0.00,,要更新指标数据，请刷新
most profitable dropshipping niches 2024 2025,,50,,0.00,0.00,,要更新指标数据，请刷新
most profitable dropshipping products 2024,,50,,0.00,0.00,,要更新指标数据，请刷新
multi-vendor integration tools with support for dropshipping models,C,50,2,0.00,0.00,302K,1 个月
niche for dropshipping,I,50,44,2.00,0.15,3.7M,1 个月
office supplies dropshipping,I,50,3,2.30,0.61,2.1M,1 个月
online dropshipping business for sale,C,50,14,1.61,0.64,16.7M,1 个月
organic vs paid ads dropshipping marketing strategy 2026,,50,,0.00,0.00,,要更新指标数据，请刷新
pendant necklaces dropshipping,C,50,21,0.00,0.33,196,1 个月
prebuilt dropshipping store,C,50,14,3.44,0.83,157K,1 个月
printful amazon dropshipping reviews,I,50,16,0.00,0.00,43.3K,1 个月
privacy policy for dropshipping,I,50,13,0.00,0.33,,1 个月
private label supplement dropshipping,C,50,7,2.88,0.60,40.6K,1 个月
private label vs white label dropshipping,I,50,10,0.00,0.32,346K,1 个月
profit margins dropshipping phone accessories,,50,,0.00,0.00,,要更新指标数据，请刷新
profitable physical products for dropshipping on shopify 2025,,50,,0.00,0.00,,要更新指标数据，请刷新
qué es dropshipping,I,50,27,1.13,0.31,36.2M,3 周
r dropshipping,N,50,38,0.00,0.01,,1 个月
ready made dropshipping store,I,50,34,3.57,0.86,3.5M,1 个月
roposo dropshipping,I,50,27,4.80,0.79,,1 个月
saudi arabia dropshipping suppliers,I,50,16,0.00,0.33,270K,1 个月
service points dropshipping,I,50,7,4.04,0.65,4.7M,1 个月
shopify alibaba dropshipping,N,50,36,2.20,0.65,,1 个月
shopify dropshipping news,I,50,43,0.00,0.00,3.1M,1 个月
shopify dropshipping reddit,N,50,27,6.05,0.07,1.6M,3 周
shopify dropshipping store examples,I,50,33,1.36,0.19,110,1 个月
shopify dropshipping with aliexpress,I,50,45,2.39,0.66,1.5M,4 周
social media marketing for dropshipping,I,50,6,0.00,0.04,,1 个月
sole proprietorship or llc for dropshipping,I,50,14,0.00,0.00,142,2 周
spocket dropshipping review,I,50,39,1.95,0.40,34.4K,1 个月
spocket dropshipping reviews,I,50,20,1.95,0.40,90.7K,1 个月
sprocket dropshipping,I,50,44,1.78,0.74,134K,1 个月
start a dropshipping store,I,50,48,2.92,0.52,123,3 周
starta dropshipping,I,50,49,0.00,0.86,123,1 个月
starta dropshipping företag,I,50,46,0.00,0.00,15.8K,4 周
starting dropshipping business,I,50,48,2.87,0.73,8.1M,上周
statista dropshipping market size 2024,I,50,44,0.00,0.00,4.7K,1 个月
step by step dropshipping,I,50,26,3.27,0.44,18.4M,1 个月
successful dropshipping businesses,I,50,17,0.92,0.59,5.5M,2 周
successful shopify dropshipping stores,I,50,5,0.00,0.24,1.8M,2 周
sunglasses dropshipping,C,50,1,1.91,0.84,6.8M,1 个月
t shirt printing and dropshipping,C,50,24,4.11,0.73,3.4M,1 个月
teemdrop dropshipping,N,50,,4.15,0.57,11.2K,1 个月
temu dropshipping policy,I,50,3,0.00,0.29,110,1 个月
the truth about dropshipping,I,50,18,0.98,0.54,6.6M,1 个月
tik tok dropshipping,I,50,32,4.02,0.58,123,3 周
tiktok shop dropshipping suppliers,I,50,20,2.87,0.52,83.6K,3 周
tips for dropshipping,I,50,24,1.95,0.46,,1 个月
top dropshipping companies,C,50,36,2.52,0.68,8.3M,1 个月
top dropshipping products june 2025,I,50,17,0.00,0.00,,1 个月
top profitable dropshipping niches 2025,,50,,0.00,0.00,,要更新指标数据，请刷新
top shopify stores dropshipping,I,50,8,2.35,0.47,145,1 个月
tops dropshipping,C,50,50,1.41,0.22,60.2M,1 个月
trending products dropshipping,I,50,28,0.00,0.14,129,2 周
trending products for shopify dropshipping,I,50,28,0.00,0.86,,1 个月
uk dropshipping supplier,I,50,25,1.86,0.34,4.4M,2 周
united states dropshipping suppliers,I,50,78,2.56,0.66,1.6M,2 周
us direct dropshipping reviews,I,50,1,0.00,0.04,715K,上周
us dropshipping companies,I,50,58,2.50,0.55,,1 个月
virtual assistant for dropshipping,I,50,8,7.55,0.10,1M,2 周
vitamin dropshipping,I,50,4,2.95,0.70,1.4M,1 个月
walmart dropshipping automation,I,50,3,0.00,0.79,252K,1 个月
webinar dropshipping,I,50,21,0.00,0.00,1.1M,2 周
wellness dropshipping,C,50,18,0.00,0.24,2.7M,2 周
what dropshipping products sell the most,I,50,21,1.52,0.66,155,2 周
what exactly is dropshipping,I,50,46,1.39,0.47,7.5M,1 个月
what is dropshipping and how to start,I,50,22,2.03,0.50,34.2M,3 周
what is dropshipping uk,I,50,6,0.00,0.00,114,2 周
what is the best dropshipping platform,I,50,10,3.19,0.81,149,1 个月
what is the difference between ecommerce and dropshipping,I,50,14,1.91,0.30,17.5M,3 周
what's a dropshipping business,I,50,50,0.85,0.51,36.1M,2 周
what's the difference between ecommerce and dropshipping,I,50,15,1.32,0.47,21.8M,2 周
where to find dropshipping products,I,50,52,2.11,0.77,36.8M,3 周
where to start dropshipping,I,50,51,3.47,0.63,125,1 个月
which is better dropshipping or trading,,50,,0.00,0.33,,要更新指标数据，请刷新
white label dropshipping supplements,C,50,3,3.54,0.60,184K,2 周
who are the top jewelry dropshipping suppliers,I,50,13,0.00,0.00,1.8M,上周
wholesale2b dropshipping,N,50,39,4.56,0.40,120,1 个月
wie funktioniert dropshipping,I,50,32,0.00,1.00,,1 个月
winning dropshipping products 2026,,50,,2.67,0.66,,要更新指标数据，请刷新
winning dropshipping products right now,I,50,30,1.78,0.62,155,2 周
women tops dropshipping,C,50,9,0.00,0.33,,1 个月
woocommerce dropshipping extension,I,50,48,0.00,0.14,74.2K,1 个月
zopi aliexpress dropshipping,I,50,32,2.75,0.88,3.8K,1 个月
adult dropshipping,I,40,13,1.55,0.38,4.3M,1 个月
advantages of dropshipping fulfillment,I,40,6,0.00,0.00,432K,1 个月
agence dropshipping,I,40,66,0.00,0.33,121,1 个月
ai ads for dropshipping,I,40,20,6.95,0.67,7.9M,1 个月
ai automated dropshipping store,I,40,64,0.00,0.00,278K,1 个月
ai dropshipping business,I,40,,5.56,0.76,39.3M,1 个月
ai dropshipping meaning,,40,,0.99,0.33,,要更新指标数据，请刷新
ai dropshipping website,I,40,60,6.29,0.75,,1 个月
ai generated dropshipping store,I,40,62,3.11,0.24,,1 个月
alex chen dropshipping,I,40,20,0.00,0.12,38.5K,1 个月
ali baba dropshipping,I,40,34,1.93,0.70,3.6M,2 周
alidropship premium dropshipping store review,,40,,0.00,0.00,,要更新指标数据，请刷新
aliexpress alternatives for dropshipping,I,40,3,0.00,0.93,145K,1 个月
aliexpress dropshipping center:,I,40,40,2.57,0.57,123,1 个月
aliexpress dropshipping platform,,40,,0.00,0.33,,要更新指标数据，请刷新
aliexpress to ebay dropshipping tool free,I,40,4,0.00,0.33,,1 个月
aliexpress wholesale dropshipping,I,40,65,0.00,1.00,1.1M,1 个月
also dropshipping,I,40,42,0.00,0.33,31.8M,上周
amazon dropshipping for beginners,I,40,38,2.56,0.74,20.7M,3 周
amazon dropshipping jobs,I,40,46,0.00,0.11,92.9K,3 周
amazon dropshipping reddit,N,40,26,0.00,0.04,123,1 个月
amazon fba vs dropshipping vs affiliate marketing,I,40,9,0.00,0.33,,1 个月
amazon.ae dropshipping policy middle east,,40,,0.00,0.00,,要更新指标数据，请刷新
application pour dropshipping,I,40,46,0.00,0.00,139,3 周
assurance dropshipping,,40,,0.00,0.00,,要更新指标数据，请刷新
auto ds dropshipping,N,40,47,3.45,0.70,1.4M,3 周
autods dropshipping reviews,I,40,28,3.23,0.18,383K,2 周
automated dropshipping ai,I,40,68,0.00,1.00,1.9M,1 个月
automated dropshipping amazon,I,40,15,0.00,0.29,1.3M,1 个月
automated dropshipping tools,,40,,0.00,0.99,,要更新指标数据，请刷新
automation software for dropshipping,I,40,20,0.00,0.37,2.2M,上周
automotive dropshipping,I,40,18,3.62,0.75,17.3M,2 周
average order value dropshipping 2024,,40,,0.00,0.00,,要更新指标数据，请刷新
baby clothes dropshipping,C,40,11,0.00,0.00,,1 个月
baby products dropshipping,I,40,10,0.00,0.00,,1 个月
bags dropshipping,C,40,2,1.69,0.67,9.7M,1 个月
battery charger dropshipping,I,40,1,0.00,0.10,968K,上周
bbc dropshipping,I,40,23,2.66,0.29,50,2 周
beauty products dropshipping,C,40,16,2.10,0.49,14.2M,1 个月
beauty products dropshipping suppliers,I,40,19,2.12,0.94,1.7M,2 周
beginner checklist for high ticket dropshipping,,40,,0.00,0.00,,要更新指标数据，请刷新
best cbd dropshipping suppliers usa,C,40,0,0.00,0.00,186K,3 周
best countries for dropshipping 2026,,40,,0.00,0.00,,要更新指标数据，请刷新
best dropshipping apps for shopify profit margins 2025,C,40,3,0.00,0.00,152,3 周
best dropshipping automation software,C,40,,0.00,0.00,135,1 个月
best dropshipping niches 2024,,40,,0.00,0.33,,要更新指标数据，请刷新
best dropshipping niches 2024 2025 passive automated low maintenance,,40,,0.00,0.00,,要更新指标数据，请刷新
best dropshipping niches 2024 for passive automated business,,40,,0.00,0.00,,要更新指标数据，请刷新
best dropshipping niches 2024 for passive income automated,,40,,0.00,0.00,,要更新指标数据，请刷新
best dropshipping niches 2026 low competition high demand,,40,,0.00,0.00,,要更新指标数据，请刷新
best dropshipping niches categories 2024,,40,,0.00,0.00,,要更新指标数据，请刷新
best dropshipping product categories 2024,,40,,0.00,0.00,,要更新指标数据，请刷新
best dropshipping product research tools,C,40,27,0.00,0.34,,1 个月
best dropshipping products 2024,C,40,30,0.00,0.02,13.5M,2 周
best dropshipping products 2026 india market trends,,40,,0.00,0.00,,要更新指标数据，请刷新
best dropshipping suppliers for tiktok shop,C,40,13,3.11,0.84,117,3 周
best dropshipping tools 2025,C,40,15,0.00,0.00,16M,4 周
best dropshipping website,C,40,30,3.55,0.73,27.9M,1 个月
best dropshipping website builder,C,40,16,0.00,0.21,15.1M,3 周
best ebay integration tools for dropshipping,C,40,8,0.00,0.00,502K,3 周
best high ticket dropshipping niches,C,40,23,0.00,0.67,79K,2 周
best niches for dropshipping 2023,C,40,18,0.00,0.00,91.3K,1 个月
best niches for passive automated dropshipping 2024 2025,,40,,0.00,0.00,,要更新指标数据，请刷新
best passive dropshipping niches 2024,,40,,0.00,0.00,,要更新指标数据，请刷新
best pet dropshipping suppliers,C,40,7,1.93,0.30,,1 个月
best platforms for scaling a dropshipping business in the us,C,40,13,0.00,0.00,162,2 周
best platforms for scaling dropshipping business us 2025,C,40,8,0.00,0.00,362K,1 个月
best practices for successful dropshipping business,I,40,20,0.00,0.00,7.9M,3 周
best product for dropshipping,I,40,45,1.44,0.56,,1 个月
best shopify dropshipping apps global shipping 2025,T,40,24,0.00,0.00,377K,1 个月
best supplier for dropshipping,I,40,40,2.69,0.73,142,3 周
best suppliers for dropshipping reddit,N,40,26,0.00,0.21,747K,2 周
best web hosting for dropshipping,C,40,4,3.29,0.41,121,1 个月
best wordpress dropshipping plugins,,40,,0.00,0.00,,要更新指标数据，请刷新
beste websitebouwers voor dropshipping,C,40,2,0.00,0.00,,1 个月
bilisbenta dropshipping,N,40,27,0.00,0.29,178,1 个月
brand dropshipping,I,40,54,2.28,0.60,,1 个月
branded dropshipping 2024 profitability data,I,40,14,0.00,0.00,361K,上周
branded dropshipping profitability 2024 report,I,40,6,0.00,0.00,93,2 周
branded dropshipping profitability data 2024,,40,,0.00,0.00,,要更新指标数据，请刷新
caitlyn minimalist dropshipping,I,40,20,0.00,0.74,,1 个月
can i do dropshipping on shopify,I,40,43,0.00,0.31,125,1 个月
can i run a dropshipping business from a storage unit,,40,,0.00,0.00,,要更新指标数据，请刷新
can you explain what a dropshipping niche is,I,40,19,0.00,0.00,129,3 周
canvas dropshipping,C,40,20,2.75,0.79,4.3M,1 个月
canvas print dropshipping,C,40,27,1.92,0.85,1.3M,1 个月
cap fittizio dropshipping italia,,40,,0.00,0.00,,要更新指标数据，请刷新
cdj dropshipping,N,40,52,1.05,0.69,29.1K,1 个月
cenerto hurtownia dropshipping polska,,40,,0.00,0.00,,要更新指标数据，请刷新
christmas dropshipping,I,40,6,1.44,0.27,6.8M,1 个月
cj dropshipping owner,I,40,22,0.00,0.33,1.1M,1 个月
cj dropshipping pricing,T,40,3,1.51,0.21,848K,1 个月
cj dropshipping with amazon,I,40,18,0.00,0.71,284K,2 周
cnae para dropshipping,I,40,1,0.00,0.00,109,4 周
cologne dropshipping suppliers,I,40,4,2.50,0.74,,1 个月
come funziona il dropshipping,I,40,13,0.00,0.00,352K,1 个月
comment faire du dropshipping,I,40,23,3.13,0.93,123,1 个月
comment faire du dropshipping avec aliexpress,I,40,5,0.00,0.00,66.6K,1 个月
como funciona o dropshipping,I,40,36,0.00,0.29,13.4M,1 个月
contabilidade para dropshipping,I,40,0,0.00,0.33,169K,2 周
costway dropshipping,I,40,15,3.13,0.46,208K,1 个月
create a dropshipping website for free,I,40,36,4.90,0.86,146,1 个月
curso dropshipping amazon,I,40,38,0.00,0.00,,1 个月
custom apparel dropshipping,I,40,44,3.26,0.95,1.9M,2 周
custom dropshipping,I,40,46,2.41,0.52,22.3M,2 周
custom shirt dropshipping,C,40,29,3.94,0.80,3.1M,1 个月
customer service dropshipping,I,40,22,0.00,0.86,11.3M,1 个月
dab rig dropshipping,C,40,0,0.00,0.00,,1 个月
deodap dropshipping,N,40,8,0.00,0.25,122,1 个月
digital dropshipping library,,40,,2.84,0.66,,要更新指标数据，请刷新
distribuidor dropshipping,C,40,47,0.00,0.00,691K,1 个月
do i need a business license to start dropshipping,I,40,16,0.00,0.00,595K,1 个月
do you have to pay taxes on dropshipping,I,40,13,1.84,0.26,140,1 个月
do you need an llc for dropshipping,I,40,9,4.32,0.51,3.7M,1 个月
does ai dropshipping work,I,40,22,4.47,0.29,22.3M,1 个月
does dropshipping require inventory,,40,,0.00,0.00,,要更新指标数据，请刷新
does shopify have dropshipping suppliers,C,40,32,0.00,0.29,,1 个月
downsides of dropshipping,I,40,20,0.37,0.55,142,4 周
drones with camera hd dropshipping,C,40,8,0.00,0.33,1.8M,4 周
dropshipping 2026,,40,,2.61,0.66,,要更新指标数据，请刷新
dropshipping abbigliamento,I,40,38,0.00,0.00,637K,1 个月
dropshipping accountant,,40,,11.86,0.33,,要更新指标数据，请刷新
dropshipping adózás,I,40,0,0.00,0.29,76,1 个月
dropshipping affiliate program,I,40,32,4.41,0.47,125,2 周
dropshipping agentur,I,40,58,0.00,0.33,140,1 个月
dropshipping aliexpress to ebay,I,40,6,2.57,0.76,1.1M,上周
dropshipping allegro,I,40,26,0.00,0.24,134,1 个月
dropshipping alternative,I,40,18,2.32,0.30,10.9M,3 周
dropshipping amazon reddit,N,40,26,0.00,0.03,2.9M,1 个月
dropshipping amazon sverige,I,40,23,0.00,0.00,38.7K,1 个月
dropshipping analytics,I,40,42,4.97,0.47,,1 个月
dropshipping and tariffs,,40,,0.00,0.33,,要更新指标数据，请刷新
dropshipping app for shopify,I,40,48,3.88,0.03,,1 个月
dropshipping assistant,C,40,9,0.00,0.33,,1 个月
dropshipping average income,I,40,6,0.59,0.12,134,1 个月
dropshipping belgium,I,40,,0.00,0.01,1.7M,1 个月
dropshipping book,C,40,10,1.57,0.85,18.8M,1 个月
dropshipping bot,I,40,11,4.04,0.63,4.7M,2 周
dropshipping brasil,I,40,34,1.94,0.40,9.6M,2 周
dropshipping busines,I,40,54,2.23,0.18,123,2 周
dropshipping business amazon,I,40,42,2.85,0.71,121,4 周
dropshipping business compliance laws 2025,I,40,0,0.00,0.00,1.3M,1 个月
dropshipping business name ideas,I,40,3,1.52,0.62,117,1 个月
dropshipping business opportunity,I,40,34,0.00,0.01,3.7M,1 个月
dropshipping business plan pdf free download,,40,,0.00,0.66,,要更新指标数据，请刷新
dropshipping business suppliers,I,40,50,0.76,0.29,,1 个月
dropshipping business usa,,40,,0.00,0.62,,要更新指标数据，请刷新
dropshipping businesses for sale,I,40,8,1.67,0.62,21.2M,3 周
dropshipping car parts,I,40,10,1.48,0.47,2.9M,2 周
dropshipping cars,I,40,7,2.20,0.33,5M,2 周
dropshipping colombia,I,40,5,1.76,0.22,11.2M,1 个月
dropshipping content,I,40,37,0.00,0.64,43.3M,4 周
dropshipping course online training ecommerce,,40,,0.00,0.00,,要更新指标数据，请刷新
dropshipping courses free,I,40,21,2.83,0.71,111,2 周
dropshipping da dinheiro,I,40,23,0.00,0.00,1.2M,1 个月
dropshipping en español,I,40,38,2.08,0.36,14M,1 个月
dropshipping en usa,I,40,67,0.00,0.76,33.9M,1 个月
dropshipping español,I,40,33,1.90,0.50,106,2 周
dropshipping europe,I,40,31,0.00,0.36,,1 个月
dropshipping example,I,40,18,1.07,0.24,9.4M,2 周
dropshipping faq,I,40,5,1.09,0.63,13.3M,1 个月
dropshipping francais,I,40,31,0.00,0.19,19.6M,1 个月
dropshipping from aliexpress to shopify,I,40,39,3.03,0.56,499K,1 个月
dropshipping from amazon to ebay,I,40,28,2.04,0.46,109,4 周
dropshipping from ebay,I,40,38,2.67,0.52,4.6M,1 个月
dropshipping from india to usa process guide 2024,,40,,0.00,0.00,,要更新指标数据，请刷新
dropshipping fulfillment process,I,40,15,5.85,0.15,2.1M,上周
dropshipping germany,,40,,0.00,0.33,,要更新指标数据，请刷新
dropshipping hundebedarf,C,40,12,0.00,0.00,130K,1 个月
dropshipping hunting products,I,40,9,1.80,0.43,840K,1 个月
dropshipping in 2023,I,40,20,0.00,0.00,25.9M,4 周
dropshipping in 2026,,40,,1.78,0.66,,要更新指标数据，请刷新
dropshipping in italia,I,40,6,0.00,0.33,,1 个月
dropshipping insurance,I,40,2,10.22,0.70,,1 个月
dropshipping io portfolio,N,40,20,3.00,0.64,196K,2 周
dropshipping italy,I,40,0,0.00,0.33,,1 个月
dropshipping jewelry shopify,I,40,46,0.00,0.33,472K,1 个月
dropshipping job,I,40,18,2.43,0.51,,1 个月
dropshipping kvk,N,40,11,0.00,0.00,86.8K,1 个月
dropshipping leveranciers nederland,C,40,3,0.00,0.00,155K,1 个月
dropshipping lifestyle,I,40,50,5.42,0.33,13.2M,1 个月
dropshipping llc,I,40,10,4.58,0.39,,1 个月
dropshipping magyarországon,I,40,3,0.00,0.00,119,1 个月
dropshipping margins,I,40,13,0.95,0.22,1.6M,1 个月
dropshipping margins typical,I,40,23,0.00,0.00,143,1 个月
dropshipping market size,I,40,37,0.00,0.14,144,4 周
dropshipping massage,I,40,2,0.00,0.00,1.8M,4 周
dropshipping method,I,40,56,3.20,0.43,14.2M,1 个月
dropshipping mexico,I,40,10,1.92,0.57,8.5M,2 周
dropshipping millionaires,I,40,21,2.06,0.10,238K,1 个月
dropshipping news updates,I,40,15,0.00,0.00,129,1 个月
dropshipping niches to avoid,I,40,2,2.05,0.63,335K,3 周
dropshipping order management,I,40,16,0.00,0.33,4.4M,1 个月
dropshipping out of stock,,40,,0.00,0.00,,要更新指标数据，请刷新
dropshipping outdoor gear,I,40,9,1.77,0.43,,1 个月
dropshipping phone accessories profit margin,,40,,0.00,0.00,,要更新指标数据，请刷新
dropshipping plugin for wordpress,T,40,34,3.16,0.23,320K,1 个月
dropshipping plugin wordpress,T,40,26,3.16,0.23,328K,1 个月
dropshipping plugins,I,40,23,0.00,0.03,,1 个月
dropshipping poland,I,40,5,0.00,0.33,3.1M,2 周
dropshipping portal,C,40,75,0.00,0.18,1.3M,1 个月
dropshipping product research tool free,I,40,56,3.99,0.64,1.8M,1 个月
dropshipping profit margins by category 2024,,40,,0.00,0.00,,要更新指标数据，请刷新
dropshipping pros cons,I,40,21,0.00,0.14,367K,1 个月
dropshipping protein,I,40,6,0.00,0.15,153,4 周
dropshipping que es y como funciona,I,40,24,2.18,0.36,7.1M,2 周
dropshipping reseller,C,40,46,2.39,0.43,5.7M,2 周
dropshipping romania,,40,,0.00,0.33,,要更新指标数据，请刷新
dropshipping ropa,I,40,28,0.00,0.33,212,1 个月
dropshipping sales tax,,40,,5.85,0.66,,要更新指标数据，请刷新
dropshipping sales tracker,T,40,20,5.84,0.77,838K,1 个月
dropshipping server on discord,N,40,27,0.00,0.14,762K,3 周
dropshipping services automatic inventory synchronization 2025,C,40,4,0.00,0.00,108K,1 个月
dropshipping shirt,C,40,17,3.70,0.73,10.1M,1 个月
dropshipping skin care products,I,40,9,3.21,0.87,,1 个月
dropshipping sources,I,40,69,2.54,0.75,5.2M,1 个月
dropshipping spy,I,40,23,3.98,0.59,119,2 周
dropshipping stickers,C,40,22,2.11,0.82,5.2M,3 周
dropshipping store names,I,40,3,2.23,0.52,4M,1 个月
dropshipping supplier in usa,I,40,69,2.84,0.77,3.1M,1 个月
dropshipping suppliers amazon,I,40,19,2.25,0.75,136,1 个月
dropshipping suppliers directory,C,40,29,2.70,0.33,242K,2 周
dropshipping suppliers georgia,I,40,14,0.00,0.33,88,1 个月
dropshipping suppliers in egypt,C,40,2,0.00,0.33,60,1 个月
dropshipping suppliers sydney,I,40,18,0.00,0.00,137,4 周
dropshipping suppliers usa women's clothing,,40,,0.00,0.00,,要更新指标数据，请刷新
dropshipping sverige lagar,I,40,0,0.00,0.00,15.1K,4 周
dropshipping temu,I,40,29,2.75,0.74,,1 个月
dropshipping tiktok,I,40,30,6.05,0.48,,1 个月
dropshipping tips 2025,,40,,0.00,0.33,,要更新指标数据，请刷新
dropshipping tshirts,C,40,31,3.70,0.73,3.5M,1 个月
dropshipping uk suppliers,C,40,26,1.70,0.95,2.8M,1 个月
dropshipping va,C,40,1,3.22,0.71,9.6M,1 个月
dropshipping via aliexpress,I,40,26,0.00,0.00,1.6M,1 个月
dropshipping video ads usa,I,40,,0.00,0.00,,1 个月
dropshipping vs drop servicing,,40,,0.00,0.33,,要更新指标数据，请刷新
dropshipping vs e commerce,I,40,15,1.20,0.30,108,4 周
dropshipping vs e-commerce business model differences,,40,,0.00,0.00,,要更新指标数据，请刷新
dropshipping vs inventory,C,40,3,0.00,0.31,142,1 个月
dropshipping vs private label,I,40,4,1.03,0.34,2M,1 个月
dropshipping wat is dat,I,40,36,0.00,0.00,793K,1 个月
dropshipping webshop,I,40,51,0.00,0.33,2.2M,1 个月
dropshipping white label,I,40,21,1.92,0.61,,1 个月
dropshipping with banggood,I,40,13,1.57,0.54,120,1 个月
dropshipping with magento,I,40,14,0.00,0.24,851K,2 周
dropshipping with shopify reviews,I,40,26,1.50,0.31,6.7M,2 周
dropshipping work safety boots,C,40,0,0.00,0.16,,1 个月
dropshipping youtubers,I,40,13,3.52,0.17,583K,1 个月
dropshipping é crime,I,40,3,0.00,0.33,,1 个月
e commerce and dropshipping,I,40,28,3.47,0.24,14.6M,1 个月
ebay dropshipping guide 2024 strategies suppliers products,,40,,0.00,0.00,,要更新指标数据，请刷新
ebay dropshipping virtual assistant,I,40,0,0.00,0.33,139,4 周
ebay vs shopify dropshipping,I,40,4,0.00,0.33,1.8M,1 个月
eco friendly dropshipping suppliers,I,40,6,1.92,0.29,727K,3 周
ecommerce vs dropshipping difference,,40,,0.00,0.33,,要更新指标数据，请刷新
edi dropshipping,I,40,2,9.21,0.37,,1 个月
electric scooter dropshipping,C,40,0,0.00,0.40,1.1M,1 个月
etsy dropshipping reddit,N,40,26,0.00,0.01,149K,1 个月
facebook shop dropshipping,I,40,23,0.00,0.01,123,1 个月
fare dropshipping,I,40,65,0.00,0.00,,1 个月
fashion dropshipping suppliers,I,40,37,1.76,0.52,2.9M,4 周
fastest dropshipping suppliers,I,40,19,2.38,0.32,315K,1 个月
fastest growing dropshipping niches 2025,,40,,0.00,0.00,,要更新指标数据，请刷新
find dropshipping suppliers,I,40,60,2.50,0.88,,1 个月
finding suppliers for dropshipping,I,40,47,2.55,0.75,6.9M,2 周
fiscalité dropshipping,I,40,13,0.00,0.00,112,1 个月
for dropshipping do you have to buy the product,I,40,21,1.74,0.57,25.9M,1 个月
fornecedores dropshipping,C,40,78,2.94,0.80,1.2M,2 周
fournisseur dropshipping,C,40,73,0.00,0.00,792K,4 周
fournisseur dropshipping france,I,40,5,0.00,0.00,437K,1 个月
free dropshipping store builder,I,40,52,4.92,0.91,3.1M,1 个月
furniture dropshipping suppliers,I,40,8,2.38,0.62,,1 个月
furniture dropshipping suppliers usa,I,40,7,2.56,0.83,,1 个月
gaming dropshipping,I,40,3,2.29,0.04,,1 个月
getting started with dropshipping,I,40,53,3.43,0.82,34.2M,3 周
glitching ai dropshipping,N,40,32,2.31,0.55,436K,1 个月
handling returns for high ticket dropshipping orders,,40,,0.00,0.00,,要更新指标数据，请刷新
hayden bowles hacking shopify dropshipping,,40,,0.00,0.33,,要更新指标数据，请刷新
high ticket dropshipping course,I,40,28,2.07,0.48,125,1 个月
hot dropshipping autumn,I,40,7,0.00,0.33,105,1 个月
hottest dropshipping products,I,40,28,1.46,0.47,287K,2 周
how can i automate my dropshipping business,I,40,30,0.00,0.00,249K,1 个月
how can i automate my dropshipping order process,I,40,,0.00,0.00,777K,1 个月
how can i manage dropshipping suppliers effectively,I,40,3,0.00,0.00,156,4 周
how can i start a furniture dropshipping business,I,40,4,0.00,0.00,5.1M,1 个月
how do i start an auto parts dropshipping business,I,40,3,0.00,0.00,1.1M,1 个月
how does dropshipping make money,I,40,39,0.86,0.37,26.1M,1 个月
how does furniture dropshipping work,I,40,7,0.00,0.00,3.6M,1 个月
how much do you make from dropshipping,I,40,25,0.70,0.24,28.5M,1 个月
how to add dropshipping products to shopify,I,40,25,3.85,0.81,5.2M,1 个月
how to create a dropshipping account,,40,,4.89,0.99,,要更新指标数据，请刷新
how to create a dropshipping store for free,I,40,29,0.00,0.00,5.2M,1 个月
how to do ai dropshipping,I,40,24,5.65,0.72,40.4M,1 个月
how to do product research for dropshipping,I,40,29,4.40,0.75,135,1 个月
how to get started dropshipping on amazon,I,40,19,1.81,0.67,,1 个月
how to make money on dropshipping,I,40,35,1.91,0.63,16.6M,2 周
how to make money online dropshipping,,40,,2.01,0.66,,要更新指标数据，请刷新
how to set up dropshipping,I,40,41,2.93,0.76,154,1 个月
how to set up shipping on shopify for dropshipping,I,40,29,3.94,0.54,140,1 个月
how to start a successful dropshipping business,I,40,38,2.79,0.53,140,3 周
how to start digital dropshipping,I,40,21,3.51,0.76,29.2M,1 个月
how to start dropshipping 2025,I,40,37,3.66,0.06,55.2M,1 个月
how to start dropshipping at 14,I,40,17,3.55,0.67,12.6M,2 周
how to start dropshipping business for beginners,I,40,36,0.00,0.36,146,1 个月
how to start dropshipping for beginners,I,40,45,4.00,0.68,38.4M,1 个月
how to start online dropshipping,I,40,32,0.00,0.43,9M,1 个月
how to use ai for dropshipping,I,40,25,4.75,0.61,28M,4 周
how to use shopify dropshipping,I,40,41,0.00,0.64,160,1 个月
hurtownia-24.pl dropshipping,,40,,0.00,0.00,,要更新指标数据，请刷新
hybrid dropshipping,I,40,0,5.34,0.41,2.1M,2 周
indiamart dropshipping,N,40,27,0.00,0.14,1.7M,1 个月
inicia un negocio de dropshipping,I,40,2,0.00,0.00,,1 个月
instagram dropshipping,I,40,31,2.58,0.06,,1 个月
inventory sync dropshipping,C,40,,0.00,0.00,143K,1 个月
is ai dropshipping legal,,40,,4.13,0.33,,要更新指标数据，请刷新
is amazon dropshipping worth it,I,40,21,1.49,0.18,103,3 周
is amazon fba dropshipping,I,40,25,0.34,0.10,2M,1 个月
is digital dropshipping easy,,40,,0.00,0.99,,要更新指标数据，请刷新
is dropshipping and ecommerce the same thing,I,40,12,2.18,0.21,126,2 周
is dropshipping illegal on amazon,I,40,29,0.00,0.33,104,1 个月
is dropshipping on amazon legal,I,40,29,0.00,0.33,928K,1 个月
is dropshipping on amazon worth it,I,40,36,0.00,0.29,111,4 周
is dropshipping profitable in india,I,40,2,0.00,0.33,915K,1 个月
is dropshipping still profitable in 2024,I,40,26,0.00,1.00,1.4M,2 周
is high ticket dropshipping profitable,I,40,13,0.00,0.43,,1 个月
is it dropshipping,I,40,45,0.00,0.05,124,2 周
is oberlo still available for dropshipping,,40,,0.00,0.00,,要更新指标数据，请刷新
is shopify dropshipping,I,40,44,2.99,0.19,21.6M,1 个月
is shopify good for dropshipping,I,40,36,2.42,0.21,150,1 个月
jc dropshipping philippines,,40,,0.00,0.33,,要更新指标数据，请刷新
jeremy ray dropshipping,I,40,25,0.00,0.71,33.6K,1 个月
johnny fd dropshipping,I,40,1,0.00,0.00,73,4 周
jordan welch dropshipping,I,40,41,3.82,0.29,12.9K,1 个月
klarna dropshipping,,40,,0.00,0.00,,要更新指标数据，请刷新
latest dropshipping server on discord,I,40,22,0.00,0.50,732K,1 个月
llc dropshipping,I,40,10,5.93,0.69,6.2M,1 个月
loja de dropshipping,I,40,44,0.00,0.00,109,1 个月
lojas de dropshipping,I,40,22,0.00,0.00,20M,1 个月
luke belmar dropshipping,I,40,20,0.00,0.00,17.6K,2 周
makeup dropshipping,C,40,26,2.10,0.49,22.5M,1 个月
making money through dropshipping,I,40,46,0.00,0.14,9.1M,1 个月
marc verdu dropshipping,N,40,20,0.00,0.49,7.4K,1 个月
mayoristas dropshipping,I,40,10,0.00,0.00,123,1 个月
mentor dropshipping,C,40,23,2.60,0.82,1M,1 个月
migliori prodotti per dropshipping,I,40,9,0.00,0.00,130K,1 个月
mool dropshipping,,40,,0.00,0.71,,要更新指标数据，请刷新
most profitable dropshipping categories 2024,,40,,0.00,0.00,,要更新指标数据，请刷新
most profitable dropshipping niches 2024,,40,,0.00,0.33,,要更新指标数据，请刷新
most profitable niches dropshipping,I,40,9,1.20,0.71,528K,3 周
most successful dropshipping products,I,40,44,1.42,0.47,4.5M,3 周
my dropshipping,,40,,0.00,0.86,,要更新指标数据，请刷新
nh dropshipping,I,40,21,2.94,0.54,75,1 个月
niche dropshipping products,I,40,30,1.12,0.19,122,4 周
niche products for dropshipping,I,40,21,1.12,0.19,3.4M,4 周
nihao dropshipping,I,40,22,2.11,0.72,163K,2 周
nihao jewelry dropshipping,I,40,29,1.49,0.97,119,2 周
offer up dropshipping,,40,,0.00,0.66,,要更新指标数据，请刷新
olek motocykle dropshipping,,40,,0.00,0.00,,要更新指标数据，请刷新
organic vs paid ads dropshipping strategy effectiveness,,40,,0.00,0.00,,要更新指标数据，请刷新
outdoor dropshipping suppliers,I,40,4,2.05,0.67,,1 个月
pak dropshipping,I,40,33,0.00,0.33,857K,1 个月
panna dropshipping,,40,,0.00,0.66,,要更新指标数据，请刷新
partita iva dropshipping,,40,,0.00,0.00,,要更新指标数据，请刷新
pet accessories dropshipping,,40,,2.11,0.66,,要更新指标数据，请刷新
pet dropshipping suppliers uk,I,40,0,0.00,0.33,192K,1 个月
pipe dropshipping,,40,,0.00,0.00,,要更新指标数据，请刷新
playstation 4 dropshipping,I,40,16,0.00,0.33,7.6M,1 个月
pod dropshipping tips,,40,,0.00,0.00,,要更新指标数据，请刷新
posture corrector selling price dropshipping,,40,,0.00,0.00,,要更新指标数据，请刷新
pre built dropshipping stores for sale,C,40,31,3.60,0.83,1.7K,1 个月
premade dropshipping store,I,40,18,3.69,0.32,34.9K,1 个月
print dropshipping,I,40,35,3.19,0.93,16.8M,2 周
print on demand dropshipping australia,I,40,7,0.00,0.33,125,1 个月
print on demand stationery dropshipping,C,40,9,2.04,0.80,250K,1 个月
print on demand wallpaper dropshipping,C,40,20,0.00,0.67,745K,3 周
private label dropshipping skincare,I,40,0,2.15,0.91,147,1 个月
private suppliers for dropshipping,I,40,34,4.20,0.74,2.1M,1 个月
produtos para dropshipping,I,40,71,0.00,0.00,5.7M,2 周
profitable products for dropshipping,I,40,35,0.00,0.33,221,1 个月
protein dropshipping,I,40,9,0.00,0.15,164,4 周
proveedores dropshipping españa,I,40,4,0.00,0.00,,1 个月
proveedores dropshipping mexico,I,40,13,0.00,0.00,699K,3 周
pub dropshipping facebook,I,40,29,0.00,0.00,116K,1 个月
q4 dropshipping,I,40,11,0.00,0.11,90,4 周
selium.pl dropshipping,,40,,0.00,0.00,,要更新指标数据，请刷新
shein dropshipping shopify,I,40,29,3.43,0.47,125,1 个月
shopify app store dropshipping,N,40,75,0.00,0.04,4.1M,1 个月
shopify dropshipping guide setup suppliers,,40,,0.00,0.00,,要更新指标数据，请刷新
shopify dropshipping login,,40,,1.89,0.33,,要更新指标数据，请刷新
shopify dropshipping nedir,,40,,0.00,0.33,,要更新指标数据，请刷新
shopify dropshipping products,I,40,77,2.33,0.41,10.5M,2 周
shopify dropshipping uk,N,40,40,0.00,0.33,5.1M,2 周
shopify setup for high ticket dropshipping,,40,,0.00,0.00,,要更新指标数据，请刷新
shopify store for dropshipping,I,40,58,8.79,0.10,5.6M,1 个月
skin care dropshipping,C,40,9,2.42,0.84,124,2 周
spocket dropshipping guide,I,40,23,0.00,0.00,60.8K,1 个月
spring dropshipping sale,I,40,18,0.00,0.00,9.5M,1 个月
start dropshipping on amazon,I,40,45,2.86,0.70,31.5M,1 个月
stickers dropshipping,C,40,28,2.11,0.82,,1 个月
successful dropshipping,I,40,27,1.28,0.25,15M,2 周
suppliers dropshipping,C,40,54,3.21,0.58,8.5M,1 个月
tariffs dropshipping,I,40,16,0.00,0.09,703K,1 个月
tienda online dropshipping,I,40,75,0.00,0.57,9.3M,1 个月
top dropshipping niches,I,40,10,1.95,0.50,786K,1 个月
top dropshipping product categories niches 2024 usa,,40,,0.00,0.00,,要更新指标数据，请刷新
trending dropshipping products 2024,I,40,32,0.00,0.29,3.9M,1 个月
trending dropshipping products in india 2024,,40,,0.00,0.00,,要更新指标数据，请刷新
trending dropshipping products q4 2025,I,40,6,0.00,0.00,82.4K,3 周
türkiye dropshipping tedarikçileri,I,40,0,0.00,0.00,117,4 周
typical profit margins dropshipping motorcycle accessories,,40,,0.00,0.00,,要更新指标数据，请刷新
uae dropshipping,I,40,18,2.92,0.54,6.6M,1 个月
video ads for dropshipping,,40,,0.00,0.33,,要更新指标数据，请刷新
walmart to ebay dropshipping software,,40,,0.00,0.33,,要更新指标数据，请刷新
what is the difference between dropshipping and ai dropshipping,,40,,0.00,0.08,,要更新指标数据，请刷新
whats branded dropshipping,,40,,1.55,0.27,,要更新指标数据，请刷新
zendrop - dropshipping,,40,,3.08,0.12,,要更新指标数据，请刷新
2025 best dropshipping products,,30,,0.00,0.00,,要更新指标数据，请刷新
3pl for dropshipping,,30,,0.00,0.33,,要更新指标数据，请刷新
abc-rc dropshipping,,30,,0.00,0.00,,要更新指标数据，请刷新
academia de dropshipping,,30,,0.00,0.00,,要更新指标数据，请刷新
accounting for dropshipping,,30,,26.52,0.66,,要更新指标数据，请刷新
action polska dropshipping,,30,,0.00,0.00,,要更新指标数据，请刷新
adobe commerce shopify dropshipping apps,,30,,0.00,0.00,,要更新指标数据，请刷新
ae dropshipping,,30,,2.54,0.49,,要更新指标数据，请刷新
affordable shopify marketing expert for dropshipping,,30,,0.00,0.00,,要更新指标数据，请刷新
ai and dropshipping,,30,,3.05,0.99,,要更新指标数据，请刷新
ai build dropshipping store,,30,,7.05,0.66,,要更新指标数据，请刷新
ai create dropshipping website,,30,,6.71,0.99,,要更新指标数据，请刷新
ai dropshipping ad maker,,30,,12.47,0.66,,要更新指标数据，请刷新
ai dropshipping autods,,30,,0.00,0.62,,要更新指标数据，请刷新
ai dropshipping tool,,30,,7.35,0.10,,要更新指标数据，请刷新
ai dropshipping vs dropshipping,,30,,0.00,0.14,,要更新指标数据，请刷新
ai fashion eu dropshipping,,30,,0.00,0.00,,要更新指标数据，请刷新
ai in dropshipping,,30,,0.00,0.99,,要更新指标数据，请刷新
ai tool for dropshipping,,30,,3.80,0.02,,要更新指标数据，请刷新
aidan booth omega project dropshipping course,,30,,0.00,0.00,,要更新指标数据，请刷新
ali dropshipping plugin,,30,,0.00,0.86,,要更新指标数据，请刷新
alibaba dropshipping agent,,30,,0.00,0.66,,要更新指标数据，请刷新
alibaba to ebay dropshipping software,,30,,0.00,0.00,,要更新指标数据，请刷新
aliexpress dropshipping center login,,30,,0.00,0.33,,要更新指标数据，请刷新
aliexpress dropshipping program,,30,,3.54,0.66,,要更新指标数据，请刷新
aliexpress dropshipping software,,30,,0.00,0.99,,要更新指标数据，请刷新
aliexpress trending dropshipping products april 2025,,30,,0.00,0.00,,要更新指标数据，请刷新
aliexpress welcome deal dropshipping,,30,,0.00,0.99,,要更新指标数据，请刷新
amazon dropshipping cost,,30,,0.00,0.33,,要更新指标数据，请刷新
amazon dropshipping nedir,,30,,0.00,0.33,,要更新指标数据，请刷新
amazon dropshipping policy seller of record,,30,,0.00,0.00,,要更新指标数据，请刷新
amazon dropshipping program,,30,,0.86,0.33,,要更新指标数据，请刷新
amazon dropshipping sign up,,30,,3.72,0.66,,要更新指标数据，请刷新
amazon dropshipping tools,,30,,2.66,0.33,,要更新指标数据，请刷新
amazon to shopify dropshipping,,30,,0.00,0.66,,要更新指标数据，请刷新
amazon.sa dropshipping policy,,30,,0.00,0.00,,要更新指标数据，请刷新
aplicaciones para dropshipping,,30,,0.00,0.71,,要更新指标数据，请刷新
app para dropshipping,,30,,0.00,0.43,,要更新指标数据，请刷新
application dropshipping shopify,,30,,0.00,0.43,,要更新指标数据，请刷新
are dropshipping video ads,,30,,0.00,0.33,,要更新指标数据，请刷新
auto dropshipping software,,30,,0.00,0.33,,要更新指标数据，请刷新
autods dropshipping shopify,,30,,0.00,0.07,,要更新指标数据，请刷新
autods ebay dropshipping,,30,,3.26,0.66,,要更新指标数据，请刷新
automated amazon dropshipping,,30,,0.00,1.00,,要更新指标数据，请刷新
automated dropshipping platform,,30,,0.00,0.33,,要更新指标数据，请刷新
avasam dropshipping marketplace,,30,,0.00,0.33,,要更新指标数据，请刷新
average order value dropshipping niches 2024,,30,,0.00,0.00,,要更新指标数据，请刷新
average profit margin dropshipping,,30,,0.00,0.33,,要更新指标数据，请刷新
bathroom product dropshipping,,30,,0.00,0.33,,要更新指标数据，请刷新
bbq dropshipping,,30,,0.00,0.33,,要更新指标数据，请刷新
bdsklep.pl dropshipping,,30,,0.00,0.00,,要更新指标数据，请刷新
beginnen met dropshipping,,30,,0.00,0.00,,要更新指标数据，请刷新
best 3pl for dropshipping,,30,,0.00,0.66,,要更新指标数据，请刷新
best ai tool dropshipping,,30,,0.00,0.00,,要更新指标数据，请刷新
best ai tools for dropshipping,,30,,4.47,0.66,,要更新指标数据，请刷新
best business intelligence tools for dropshipping,,30,,0.00,0.00,,要更新指标数据，请刷新
best countries to target for dropshipping passive income,,30,,0.00,0.00,,要更新指标数据，请刷新
best dropshipping categories 2023 2024,,30,,0.00,0.00,,要更新指标数据，请刷新
best dropshipping categories 2024 2025,,30,,0.00,0.00,,要更新指标数据，请刷新
best dropshipping categories 2025 2026,,30,,0.00,0.00,,要更新指标数据，请刷新
best dropshipping influencers,,30,,0.00,0.33,,要更新指标数据，请刷新
best dropshipping jewelry suppliers no moq international shipping 2026,,30,,0.00,0.00,,要更新指标数据，请刷新
best dropshipping niches 2022,,30,,0.00,0.00,,要更新指标数据，请刷新
best dropshipping niches 2024 for passive automated income,,30,,0.00,0.00,,要更新指标数据，请刷新
best dropshipping niches 2024 passive automated low returns,,30,,0.00,0.00,,要更新指标数据，请刷新
best dropshipping niches 2024 passive income automated,,30,,0.00,0.00,,要更新指标数据，请刷新
best dropshipping niches 2024 passive income automated low maintenance,,30,,0.00,0.00,,要更新指标数据，请刷新
best dropshipping niches australia 2024,,30,,0.00,0.00,,要更新指标数据，请刷新
best dropshipping niches categories 2024 2025,,30,,0.00,0.00,,要更新指标数据，请刷新
best dropshipping niches for passive automated 2024,,30,,0.00,0.00,,要更新指标数据，请刷新
best dropshipping products 2024 high demand,,30,,0.00,0.00,,要更新指标数据，请刷新
best dropshipping products with high profit margin,,30,,1.78,0.99,,要更新指标数据，请刷新
best dropshipping spy tools,,30,,6.23,0.99,,要更新指标数据，请刷新
best dropshipping suppliers for custom personalized skincare serum 2026,,30,,0.00,0.00,,要更新指标数据，请刷新
best dropshipping suppliers uk,,30,,0.00,0.00,,要更新指标数据，请刷新
best dropshipping video ads,,30,,0.00,0.33,,要更新指标数据，请刷新
best ecommerce platforms for dropshipping,,30,,0.00,0.33,,要更新指标数据，请刷新
best jewelry suppliers for dropshipping,,30,,0.00,0.99,,要更新指标数据，请刷新
best niche dropshipping products 2024 worldwide,,30,,0.00,0.00,,要更新指标数据，请刷新
best niches for passive automated dropshipping 2025,,30,,0.00,0.00,,要更新指标数据，请刷新
best paid ads for dropshipping,,30,,0.00,0.00,,要更新指标数据，请刷新
best payment gateways for dropshipping in ghana 2026,,30,,0.00,0.00,,要更新指标数据，请刷新
best practices for private label dropshipping,,30,,0.00,0.00,,要更新指标数据，请刷新
best shopify apps for dropshipping 2025,,30,,0.00,0.00,,要更新指标数据，请刷新
best shopify dropshipping apps for beginners 2025,,30,,0.00,0.00,,要更新指标数据，请刷新
best shopify dropshipping software,,30,,0.00,0.00,,要更新指标数据，请刷新
best shopify theme for dropshipping,,30,,3.72,0.99,,要更新指标数据，请刷新
best t-shirt dropshipping companies,,30,,2.78,0.99,,要更新指标数据，请刷新
best target markets for passive automated dropshipping 2024,,30,,0.00,0.00,,要更新指标数据，请刷新
best tools for amazon dropshipping automation,,30,,0.00,0.00,,要更新指标数据，请刷新
big ticket dropshipping items,,30,,0.00,0.33,,要更新指标数据，请刷新
bigcommerce aliexpress dropshipping,,30,,0.00,0.33,,要更新指标数据，请刷新
business plan dropshipping,,30,,0.00,0.66,,要更新指标数据，请刷新
can you make money dropshipping on amazon,,30,,1.21,0.66,,要更新指标数据，请刷新
can you use other people's ads for dropshipping,,30,,0.00,0.33,,要更新指标数据，请刷新
cb dropshipping,,30,,0.00,0.66,,要更新指标数据，请刷新
cbd beverages dropshipping in usa,,30,,0.00,0.00,,要更新指标数据，请刷新
cbd beverages dropshipping us online,,30,,0.00,0.00,,要更新指标数据，请刷新
cbd beverages dropshipping usa,,30,,0.00,0.00,,要更新指标数据，请刷新
cbd capsules dropshipping us based,,30,,0.00,0.00,,要更新指标数据，请刷新
cbd distillate dropshipping us online,,30,,0.00,0.00,,要更新指标数据，请刷新
cbd drinks dropshipping american,,30,,0.00,0.00,,要更新指标数据，请刷新
cbd drinks dropshipping in united states,,30,,0.00,0.00,,要更新指标数据，请刷新
cbd drinks dropshipping us based,,30,,0.00,0.00,,要更新指标数据，请刷新
cbd drinks dropshipping us market,,30,,0.00,0.00,,要更新指标数据，请刷新
cbd drinks dropshipping usa,,30,,0.00,0.00,,要更新指标数据，请刷新
cbd flower dropshipping california,,30,,0.00,0.00,,要更新指标数据，请刷新
chewy dropshipping,,30,,2.63,0.66,,要更新指标数据，请刷新
cj dropshipping alternatives free,,30,,4.97,0.99,,要更新指标数据，请刷新
cj dropshipping company,,30,,0.00,0.57,,要更新指标数据，请刷新
cj dropshipping new jersey warehouse address,,30,,0.00,0.05,,要更新指标数据，请刷新
cj dropshipping support,,30,,0.00,0.00,,要更新指标数据，请刷新
cj dropshipping warehouse address for tiktok shop,,30,,0.00,0.03,,要更新指标数据，请刷新
clothing supplier for dropshipping,,30,,3.17,0.99,,要更新指标数据，请刷新
clothing suppliers for dropshipping,,30,,2.95,0.99,,要更新指标数据，请刷新
co to jest dropshipping,,30,,0.00,0.33,,要更新指标数据，请刷新
cole turner dropshipping,,30,,0.00,0.33,,要更新指标数据，请刷新
come funziona dropshipping,,30,,0.00,0.00,,要更新指标数据，请刷新
comment commencer le dropshipping,,30,,0.00,0.00,,要更新指标数据，请刷新
comment fonctionne le dropshipping,,30,,0.00,0.57,,要更新指标数据，请刷新
como vender en amazon dropshipping,,30,,0.00,0.99,,要更新指标数据，请刷新
companies that do dropshipping,,30,,2.44,0.99,,要更新指标数据，请刷新
corsi dropshipping gratis,,30,,0.00,0.00,,要更新指标数据，请刷新
corso dropshipping gratis,,30,,0.00,0.00,,要更新指标数据，请刷新
cos'è dropshipping,,30,,0.00,0.00,,要更新指标数据，请刷新
costume jewelry dropshipping suppliers global shipping,,30,,0.00,0.00,,要更新指标数据，请刷新
create a free dropshipping store,,30,,11.47,0.99,,要更新指标数据，请刷新
create free dropshipping store,,30,,6.25,0.99,,要更新指标数据，请刷新
creative names for dropshipping store business ideas,,30,,0.00,0.00,,要更新指标数据，请刷新
csv dropshipping,,30,,0.00,0.00,,要更新指标数据，请刷新
custom packaging dropshipping,,30,,0.00,0.33,,要更新指标数据，请刷新
custom product dropshipping,,30,,2.14,0.99,,要更新指标数据，请刷新
cyprus company formation cost dropshipping,,30,,0.00,0.00,,要更新指标数据，请刷新
dansk dropshipping,,30,,0.00,0.00,,要更新指标数据，请刷新
davie fogarty dropshipping course,,30,,0.00,0.06,,要更新指标数据，请刷新
dear-lover dropshipping,,30,,4.28,0.21,,要更新指标数据，请刷新
diamond dropshipping,,30,,2.31,0.66,,要更新指标数据，请刷新
difference between e-commerce and dropshipping,,30,,0.00,0.00,,要更新指标数据，请刷新
digital dropshipping definition,,30,,0.00,0.33,,要更新指标数据，请刷新
digital products dropshipping margins,,30,,0.00,0.00,,要更新指标数据，请刷新
digital products dropshipping suppliers,,30,,0.00,0.61,,要更新指标数据，请刷新
diplomado dropshipping,,30,,0.00,0.33,,要更新指标数据，请刷新
disadvantage of dropshipping,,30,,0.46,0.66,,要更新指标数据，请刷新
distribuidores dropshipping,,30,,0.00,0.00,,要更新指标数据，请刷新
do i need capital to start dropshipping,,30,,0.00,0.57,,要更新指标数据，请刷新
do we need money to start dropshipping,,30,,0.00,0.66,,要更新指标数据，请刷新
do you need to pay taxes on dropshipping,,30,,0.00,0.00,,要更新指标数据，请刷新
domestic dropshipping,,30,,0.00,0.33,,要更新指标数据，请刷新
drop dropshipping,,30,,0.00,0.66,,要更新指标数据，请刷新
dropshipping 101 build your first online store,,30,,0.00,0.99,,要更新指标数据，请刷新
dropshipping accounting software,,30,,0.00,0.52,,要更新指标数据，请刷新
dropshipping ad creator,,30,,0.00,0.66,,要更新指标数据，请刷新
dropshipping ads maker,,30,,12.20,0.66,,要更新指标数据，请刷新
dropshipping ads on taboola outbrain in india 2024,,30,,0.00,0.00,,要更新指标数据，请刷新
dropshipping ads video,,30,,0.00,0.33,,要更新指标数据，请刷新
dropshipping advantages and disadvantages,,30,,0.79,0.33,,要更新指标数据，请刷新
dropshipping affiliate,,30,,4.13,0.66,,要更新指标数据，请刷新
dropshipping ai store builder,,30,,8.42,0.99,,要更新指标数据，请刷新
dropshipping algérie,,30,,0.00,0.00,,要更新指标数据，请刷新
dropshipping ali express,,30,,3.31,0.51,,要更新指标数据，请刷新
dropshipping arredamento,,30,,0.00,0.00,,要更新指标数据，请刷新
dropshipping art prints,,30,,1.66,0.99,,要更新指标数据，请刷新
dropshipping auto entrepreneur,,30,,0.00,0.00,,要更新指标数据，请刷新
dropshipping avec aliexpress,,30,,0.00,0.00,,要更新指标数据，请刷新
dropshipping betekenis,,30,,0.00,0.00,,要更新指标数据，请刷新
dropshipping bongs,,30,,0.00,0.33,,要更新指标数据，请刷新
dropshipping business armenia 2025 regulations requirements,,30,,0.00,0.00,,要更新指标数据，请刷新
dropshipping business name generator,,30,,0.00,0.00,,要更新指标数据，请刷新
dropshipping business plan template,,30,,0.00,0.33,,要更新指标数据，请刷新
dropshipping c'est quoi,,30,,1.26,0.33,,要更新指标数据，请刷新
dropshipping café,,30,,0.00,0.00,,要更新指标数据，请刷新
dropshipping canvas prints,,30,,3.16,0.99,,要更新指标数据，请刷新
dropshipping car seat cushion,,30,,0.00,0.33,,要更新指标数据，请刷新
dropshipping chile,,30,,0.00,0.33,,要更新指标数据，请刷新
dropshipping christmas decorations,,30,,0.00,0.00,,要更新指标数据，请刷新
dropshipping co,,30,,3.40,0.66,,要更新指标数据，请刷新
dropshipping comment se déclarer,,30,,0.00,0.00,,要更新指标数据，请刷新
dropshipping como começar,,30,,0.00,0.66,,要更新指标数据，请刷新
dropshipping con tu marca,,30,,0.00,0.00,,要更新指标数据，请刷新
dropshipping corso gratuito,,30,,0.00,0.00,,要更新指标数据，请刷新
dropshipping course 2025,,30,,0.00,0.86,,要更新指标数据，请刷新
dropshipping custom bracelet,,30,,0.00,1.00,,要更新指标数据，请刷新
dropshipping deutsch,,30,,0.00,0.33,,要更新指标数据，请刷新
dropshipping deutschland,,30,,0.00,0.33,,要更新指标数据，请刷新
dropshipping drones,,30,,6.76,0.66,,要更新指标数据，请刷新
dropshipping ebay australia,,30,,0.00,0.33,,要更新指标数据，请刷新
dropshipping en algerie,,30,,0.00,0.00,,要更新指标数据，请刷新
dropshipping es seguro,,30,,0.00,0.33,,要更新指标数据，请刷新
dropshipping fba,,30,,2.48,0.66,,要更新指标数据，请刷新
dropshipping fournisseur,,30,,3.43,0.33,,要更新指标数据，请刷新
dropshipping fulfillment center,,30,,0.00,0.33,,要更新指标数据，请刷新
dropshipping fulfilment,,30,,0.00,0.99,,要更新指标数据，请刷新
dropshipping guide 2025,,30,,2.09,0.11,,要更新指标数据，请刷新
dropshipping headphones,,30,,0.00,0.59,,要更新指标数据，请刷新
dropshipping hurtownie,,30,,0.00,0.33,,要更新指标数据，请刷新
dropshipping in spanish,,30,,3.96,0.33,,要更新指标数据，请刷新
dropshipping inventory management best practices,,30,,0.00,0.00,,要更新指标数据，请刷新
dropshipping ireland,,30,,0.00,0.33,,要更新指标数据，请刷新
dropshipping is easy,,30,,0.00,0.10,,要更新指标数据，请刷新
dropshipping job description,,30,,0.00,0.10,,要更新指标数据，请刷新
dropshipping koblenz,,30,,0.00,0.33,,要更新指标数据，请刷新
dropshipping korean fashion,,30,,0.00,0.33,,要更新指标数据，请刷新
dropshipping kosten,,30,,0.00,0.00,,要更新指标数据，请刷新
dropshipping market size 2026,,30,,0.00,0.00,,要更新指标数据，请刷新
dropshipping marketing tips,,30,,0.00,0.33,,要更新指标数据，请刷新
dropshipping marketing tools,,30,,0.00,0.33,,要更新指标数据，请刷新
dropshipping masterclass,,30,,1.87,0.66,,要更新指标数据，请刷新
dropshipping meaning in simple words,,30,,0.00,0.25,,要更新指标数据，请刷新
dropshipping mercado livre,,30,,0.00,0.00,,要更新指标数据，请刷新
dropshipping mit ebay,,30,,0.00,0.00,,要更新指标数据，请刷新
dropshipping mono produit,,30,,0.00,0.00,,要更新指标数据，请刷新
dropshipping motorcycle accessories profit margins,,30,,0.00,0.00,,要更新指标数据，请刷新
dropshipping multiple suppliers,,30,,0.00,0.33,,要更新指标数据，请刷新
dropshipping möbel,,30,,0.00,0.00,,要更新指标数据，请刷新
dropshipping nadelen,,30,,0.00,0.00,,要更新指标数据，请刷新
dropshipping name generator,,30,,1.71,0.66,,要更新指标数据，请刷新
dropshipping near me,,30,,2.42,0.33,,要更新指标数据，请刷新
dropshipping necklaces,,30,,0.00,0.99,,要更新指标数据，请刷新
dropshipping net worth,,30,,0.00,0.33,,要更新指标数据，请刷新
dropshipping niches 2024,,30,,0.00,0.33,,要更新指标数据，请刷新
dropshipping niches from china non-bulky products list,,30,,0.00,0.00,,要更新指标数据，请刷新
dropshipping norge,,30,,0.00,0.33,,要更新指标数据，请刷新
dropshipping on vinted,,30,,0.00,0.07,,要更新指标数据，请刷新
dropshipping or amazon fba,,30,,0.78,0.36,,要更新指标数据，请刷新
dropshipping or reselling,,30,,0.87,0.33,,要更新指标数据，请刷新
dropshipping payment gateway,,30,,0.00,0.00,,要更新指标数据，请刷新
dropshipping people,,30,,0.00,0.33,,要更新指标数据，请刷新
dropshipping phone accessories,,30,,1.04,0.33,,要更新指标数据，请刷新
dropshipping phone accessories profit margins,,30,,0.00,0.00,,要更新指标数据，请刷新
dropshipping pic,,30,,0.00,0.04,,要更新指标数据，请刷新
dropshipping pics,,30,,0.00,0.33,,要更新指标数据，请刷新
dropshipping plus size clothing,,30,,2.30,0.99,,要更新指标数据，请刷新
dropshipping prodotti,,30,,0.00,0.00,,要更新指标数据，请刷新
dropshipping products trending,,30,,0.00,0.33,,要更新指标数据，请刷新
dropshipping produkte,,30,,0.00,0.36,,要更新指标数据，请刷新
dropshipping profit margin calculator,,30,,0.00,0.33,,要更新指标数据，请刷新
dropshipping profit margins phone accessories,,30,,0.00,0.00,,要更新指标数据，请刷新
dropshipping regulations,,30,,0.00,0.29,,要更新指标数据，请刷新
dropshipping salary per hour,,30,,0.00,0.25,,要更新指标数据，请刷新
dropshipping scheme,,30,,0.00,0.14,,要更新指标数据，请刷新
dropshipping sg,,30,,0.00,0.27,,要更新指标数据，请刷新
dropshipping shopify australia,,30,,0.00,0.00,,要更新指标数据，请刷新
dropshipping shopware,,30,,0.00,0.00,,要更新指标数据，请刷新
dropshipping small businesses,,30,,1.70,0.33,,要更新指标数据，请刷新
dropshipping software for suppliers,,30,,0.00,0.99,,要更新指标数据，请刷新
dropshipping sourcing agent,,30,,3.96,0.33,,要更新指标数据，请刷新
dropshipping south africa,,30,,2.46,0.66,,要更新指标数据，请刷新
dropshipping status,,30,,0.00,0.33,,要更新指标数据，请刷新
dropshipping stock issues automatic order fulfillment supplier integration,,30,,0.00,0.00,,要更新指标数据，请刷新
dropshipping store name generator,,30,,0.00,0.33,,要更新指标数据，请刷新
dropshipping success rate statistics 2025,,30,,0.00,0.00,,要更新指标数据，请刷新
dropshipping suppliers california,,30,,0.00,0.33,,要更新指标数据，请刷新
dropshipping suppliers europe,,30,,4.04,0.33,,要更新指标数据，请刷新
dropshipping suppliers ireland,,30,,0.00,0.33,,要更新指标数据，请刷新
dropshipping suppliers pennsylvania,,30,,0.00,0.00,,要更新指标数据，请刷新
dropshipping suppliers philippines,,30,,0.00,0.33,,要更新指标数据，请刷新
dropshipping suppliers usa clothing,,30,,0.00,0.00,,要更新指标数据，请刷新
dropshipping sverige skatt,,30,,0.00,0.00,,要更新指标数据，请刷新
dropshipping svizzera,,30,,0.00,0.00,,要更新指标数据，请刷新
dropshipping swimwear,,30,,2.45,0.99,,要更新指标数据，请刷新
dropshipping t-shirts,,30,,3.56,0.62,,要更新指标数据，请刷新
dropshipping tariffs reddit,,30,,0.00,0.33,,要更新指标数据，请刷新
dropshipping tierbedarf,,30,,0.00,0.00,,要更新指标数据，请刷新
dropshipping tik tok,,30,,3.31,0.66,,要更新指标数据，请刷新
dropshipping to amazon fba,,30,,0.00,1.00,,要更新指标数据，请刷新
dropshipping toolkit,,30,,3.38,0.33,,要更新指标数据，请刷新
dropshipping tools firearms ammunition retailers,,30,,0.00,0.00,,要更新指标数据，请刷新
dropshipping tools shopify oberlo aliexpress salehoo,,30,,0.00,0.00,,要更新指标数据，请刷新
dropshipping top products 2025,,30,,1.37,0.68,,要更新指标数据，请刷新
dropshipping training course,,30,,1.82,0.99,,要更新指标数据，请刷新
dropshipping tunisie,,30,,0.00,0.00,,要更新指标数据，请刷新
dropshipping uk clothing,,30,,0.00,0.33,,要更新指标数据，请刷新
dropshipping uk shopify,,30,,0.00,0.33,,要更新指标数据，请刷新
dropshipping verdienst,,30,,0.00,0.00,,要更新指标数据，请刷新
dropshipping verpackungsgesetz,,30,,0.00,0.00,,要更新指标数据，请刷新
dropshipping video ad,,30,,18.78,0.33,,要更新指标数据，请刷新
dropshipping vino,,30,,0.00,0.00,,要更新指标数据，请刷新
dropshipping virtual assistant jobs,,30,,0.00,0.33,,要更新指标数据，请刷新
dropshipping vs amazon,,30,,0.00,0.33,,要更新指标数据，请刷新
dropshipping website for sale,,30,,2.27,0.66,,要更新指标数据，请刷新
dropshipping with tariffs,,30,,0.00,0.33,,要更新指标数据，请刷新
dropshipping women's clothing,,30,,1.87,0.99,,要更新指标数据，请刷新
dropx dropshipping,,30,,0.00,0.43,,要更新指标数据，请刷新
dser dropshipping,,30,,3.72,0.40,,要更新指标数据，请刷新
e-commerce business models affiliates dropshipping brands b2b b2c,,30,,0.00,0.00,,要更新指标数据，请刷新
e-commerce dropshipping diesel truck parts suppliers,,30,,0.00,0.00,,要更新指标数据，请刷新
ebay dropshipping uk,,30,,0.00,0.33,,要更新指标数据，请刷新
eco friendly products dropshipping,,30,,0.00,0.33,,要更新指标数据，请刷新
ecommerce dropshipping business for sale,,30,,0.00,0.66,,要更新指标数据，请刷新
ecommerce platforms for dropshipping,,30,,0.00,0.33,,要更新指标数据，请刷新
effective dropshipping agent headline china optimization,,30,,0.00,0.00,,要更新指标数据，请刷新
envio dropshipping,,30,,0.00,0.00,,要更新指标数据，请刷新
exemple faq dropshipping,,30,,0.00,0.00,,要更新指标数据，请刷新
explain dropshipping in simple terms,,30,,0.81,0.66,,要更新指标数据，请刷新
facture dropshipping,,30,,0.00,0.00,,要更新指标数据，请刷新
faire du dropshipping,,30,,2.39,0.99,,要更新指标数据，请刷新
faire du dropshipping avec aliexpress,,30,,0.00,0.00,,要更新指标数据，请刷新
faq dropshipping,,30,,0.00,0.00,,要更新指标数据，请刷新
fast delivery dropshipping jewelry from china to canada australia uk,,30,,0.00,0.00,,要更新指标数据，请刷新
fastest growing dropshipping categories 2025,,30,,0.00,0.00,,要更新指标数据，请刷新
find winning products for dropshipping,,30,,4.08,0.99,,要更新指标数据，请刷新
firearms dropshipping ways to bipass high risk merchant account,,30,,0.00,0.00,,要更新指标数据，请刷新
fiscalità dropshipping,,30,,0.00,0.00,,要更新指标数据，请刷新
fishing dropshipping supplier,,30,,2.60,0.69,,要更新指标数据，请刷新
fixer prix dropshipping,,30,,0.00,0.00,,要更新指标数据，请刷新
for dropshipping video ads,,30,,0.00,0.00,,要更新指标数据，请刷新
fragrance dropshipping suppliers,,30,,2.26,0.99,,要更新指标数据，请刷新
frais de livraison dropshipping,,30,,0.00,0.00,,要更新指标数据，请刷新
free reach dropshipping,,30,,0.00,0.00,,要更新指标数据，请刷新
free shopify dropshipping store,,30,,0.00,0.96,,要更新指标数据，请刷新
funciona el dropshipping,,30,,0.00,0.21,,要更新指标数据，请刷新
fuxion dropshipping,,30,,0.00,0.00,,要更新指标数据，请刷新
generate valid tracking numbers for dropshipping usps,,30,,3.25,0.06,,要更新指标数据，请刷新
global dropshipping jewelry suppliers with tracking no moq,,30,,0.00,0.00,,要更新指标数据，请刷新
google trends for dropshipping products,,30,,0.00,0.33,,要更新指标数据，请刷新
grossiste dropshipping,,30,,0.00,0.00,,要更新指标数据，请刷新
gsr dropshipping,,30,,4.38,0.13,,要更新指标数据，请刷新
headphones dropshipping,,30,,0.00,0.33,,要更新指标数据，请刷新
health and wellness dropshipping,,30,,2.12,0.33,,要更新指标数据，请刷新
high margin products for dropshipping,,30,,0.00,0.33,,要更新指标数据，请刷新
high ticket dropshipping explained simply,,30,,0.00,0.00,,要更新指标数据，请刷新
high ticket dropshipping ideas,,30,,0.00,0.90,,要更新指标数据，请刷新
high ticket dropshipping niches with low competition,,30,,0.00,0.00,,要更新指标数据，请刷新
high ticket dropshipping website design tips,,30,,0.00,0.00,,要更新指标数据，请刷新
high value dropshipping products,,30,,0.00,0.79,,要更新指标数据，请刷新
high-ticket dropshipping niches 2023,,30,,0.00,0.33,,要更新指标数据，请刷新
hoe begin je met dropshipping,,30,,0.00,0.33,,要更新指标数据，请刷新
how ai helps with dropshipping product research,,30,,0.00,0.00,,要更新指标数据，请刷新
how can i start my dropshipping business,,30,,0.00,0.62,,要更新指标数据，请刷新
how do dropshipping work,,30,,1.41,0.47,,要更新指标数据，请刷新
how dropshipping works on amazon,,30,,1.64,0.66,,要更新指标数据，请刷新
how is dropshipping haram,,30,,0.00,0.33,,要更新指标数据，请刷新
how much can i earn from dropshipping per month,,30,,0.92,0.33,,要更新指标数据，请刷新
how much do you need to start dropshipping on amazon,,30,,0.00,0.43,,要更新指标数据，请刷新
how much does dropshipping make per month,,30,,0.00,0.34,,要更新指标数据，请刷新
how much does high ticket dropshipping cost to start,,30,,0.00,0.00,,要更新指标数据，请刷新
how much money do you need to start shopify dropshipping,,30,,0.00,0.99,,要更新指标数据，请刷新
how much money does dropshipping make,,30,,0.85,0.13,,要更新指标数据，请刷新
how successful is dropshipping in 2025,,30,,0.88,0.14,,要更新指标数据，请刷新
how to add product on shopify for dropshipping,,30,,3.61,0.66,,要更新指标数据，请刷新
how to buy products for dropshipping,,30,,0.00,0.62,,要更新指标数据，请刷新
how to calculate dropshipping profit,,30,,2.78,0.66,,要更新指标数据，请刷新
how to choose a high ticket dropshipping niche,,30,,0.00,0.00,,要更新指标数据，请刷新
how to find a reliable supplier for dropshipping,,30,,2.93,0.77,,要更新指标数据，请刷新
how to find dropshipping agent in china,,30,,0.00,0.03,,要更新指标数据，请刷新
how to find product for dropshipping,,30,,3.64,0.56,,要更新指标数据，请刷新
how to find wholesalers for dropshipping,,30,,0.00,0.33,,要更新指标数据，请刷新
how to find winning products for dropshipping 2025,,30,,2.90,0.00,,要更新指标数据，请刷新
how to make dropshipping video ads,,30,,0.00,0.33,,要更新指标数据，请刷新
how to make video ads for dropshipping,,30,,0.00,0.33,,要更新指标数据，请刷新
how to start a dropshipping business in australia,,30,,0.00,0.00,,要更新指标数据，请刷新
how to start a dropshipping business uk,,30,,0.00,0.33,,要更新指标数据，请刷新
how to start amazon dropshipping business,,30,,2.17,0.66,,要更新指标数据，请刷新
how to start automated dropshipping,,30,,0.00,0.00,,要更新指标数据，请刷新
how to start dropshipping for free step by step,,30,,0.00,0.66,,要更新指标数据，请刷新
how to start dropshipping in australia,,30,,0.00,0.33,,要更新指标数据，请刷新
how to start dropshipping in canada,,30,,0.00,0.00,,要更新指标数据，请刷新
how to start dropshipping in uae,,30,,0.00,0.00,,要更新指标数据，请刷新
how will tariffs affect dropshipping,,30,,0.00,0.00,,要更新指标数据，请刷新
hurtownia24.pl dropshipping,,30,,0.00,0.00,,要更新指标数据，请刷新
imagem folheados dropshipping,,30,,0.00,0.33,,要更新指标数据，请刷新
indian dropshipping,,30,,0.00,0.33,,要更新指标数据，请刷新
inventory source dropshipping,,30,,13.93,0.66,,要更新指标数据，请刷新
is aelfric eden dropshipping,,30,,0.00,0.33,,要更新指标数据，请刷新
is dropshipping a business,,30,,0.00,0.33,,要更新指标数据，请刷新
is dropshipping good,,30,,1.71,0.33,,要更新指标数据，请刷新
is dropshipping legal in saudi arabia,,30,,0.00,0.00,,要更新指标数据，请刷新
is dropshipping legal in uae,,30,,0.00,0.00,,要更新指标数据，请刷新
is dropshipping oversaturated 2025,,30,,0.00,0.33,,要更新指标数据，请刷新
is dropshipping profitable 2025,,30,,0.00,0.33,,要更新指标数据，请刷新
is dropshipping profitable in 2026,,30,,1.01,0.33,,要更新指标数据，请刷新
is dropshipping scamming,,30,,1.52,0.33,,要更新指标数据，请刷新
is dropshipping scamming people,,30,,0.00,0.04,,要更新指标数据，请刷新
is dropshipping unethical,,30,,0.00,0.33,,要更新指标数据，请刷新
is dropshipping video ads,,30,,0.00,0.33,,要更新指标数据，请刷新
is fba dropshipping,,30,,0.00,0.33,,要更新指标数据，请刷新
is it worth dropshipping in 2025,,30,,0.00,0.21,,要更新指标数据，请刷新
is oberlo good for dropshipping,,30,,0.00,0.33,,要更新指标数据，请刷新
is sellvia dropshipping legit,,30,,3.15,0.66,,要更新指标数据，请刷新
jeremy ray holst free dropshipping course,,30,,2.96,0.99,,要更新指标数据，请刷新
jordan welch dropshipping course,,30,,2.28,0.66,,要更新指标数据，请刷新
jungle culture dropshipping,,30,,0.00,0.21,,要更新指标数据，请刷新
jungle scout dropshipping,,30,,0.00,0.33,,要更新指标数据，请刷新
jungle scout for dropshipping,,30,,0.00,0.33,,要更新指标数据，请刷新
kitchen dropshipping,,30,,3.54,0.33,,要更新指标数据，请刷新
lego dropshipping,,30,,0.93,0.82,,要更新指标数据，请刷新
loja dropshipping,,30,,0.00,0.33,,要更新指标数据，请刷新
low competition dropshipping niches 2026,,30,,0.00,0.00,,要更新指标数据，请刷新
magento 2 dropshipping,,30,,0.00,0.33,,要更新指标数据，请刷新
magento 2 dropshipping extension,,30,,0.00,0.33,,要更新指标数据，请刷新
magento dropshipping aliexpress,,30,,0.00,0.00,,要更新指标数据，请刷新
makeup dropshipping suppliers,,30,,2.01,0.66,,要更新指标数据，请刷新
meaning of dropshipping,,30,,0.37,0.33,,要更新指标数据，请刷新
medicube dropshipping,,30,,1.52,0.74,,要更新指标数据，请刷新
mejores productos dropshipping,,30,,0.00,0.00,,要更新指标数据，请刷新
micro entreprise dropshipping,,30,,0.00,0.00,,要更新指标数据，请刷新
migliori prodotti dropshipping,,30,,0.00,0.00,,要更新指标数据，请刷新
mini projector dropshipping,,30,,0.00,0.89,,要更新指标数据，请刷新
mlm dropshipping,,30,,0.00,0.33,,要更新指标数据，请刷新
modalyst dropshipping reviews,,30,,3.94,0.33,,要更新指标数据，请刷新
most profitable dropshipping niches 2024 shopify,,30,,0.00,0.00,,要更新指标数据，请刷新
most profitable dropshipping niches 2025,,30,,0.00,0.00,,要更新指标数据，请刷新
most successful shopify dropshipping stores,,30,,2.69,0.66,,要更新指标数据，请刷新
native ads taboola outbrain dropshipping india 2024,,30,,0.00,0.00,,要更新指标数据，请刷新
nawras ganim dropshipping,,30,,0.00,0.33,,要更新指标数据，请刷新
netherlands dropshipping suppliers providers store links 2026,,30,,0.00,0.00,,要更新指标数据，请刷新
netsuite edi dropshipping,,30,,0.00,0.00,,要更新指标数据，请刷新
night operators dropshipping,,30,,0.00,0.12,,要更新指标数据，请刷新
no ship dropshipping,,30,,0.00,0.02,,要更新指标数据，请刷新
nuvemshop dropshipping,,30,,0.00,0.33,,要更新指标数据，请刷新
o que é dropshipping e como funciona,,30,,0.00,0.33,,要更新指标数据，请刷新
oberlo dropshipping 2024,,30,,0.00,0.00,,要更新指标数据，请刷新
one product dropshipping store,,30,,3.92,0.66,,要更新指标数据，请刷新
organic traffic for high ticket dropshipping,,30,,0.00,0.00,,要更新指标数据，请刷新
paginas de dropshipping,,30,,2.16,0.66,,要更新指标数据，请刷新
path coffee roasters dropshipping,,30,,2.94,0.66,,要更新指标数据，请刷新
paul han dropshipping,,30,,0.00,0.33,,要更新指标数据，请刷新
paul han dropshipping website,,30,,0.00,0.33,,要更新指标数据，请刷新
pets accessories dropshipping,,30,,2.11,0.66,,要更新指标数据，请刷新
plus size clothing dropshipping,,30,,0.00,0.33,,要更新指标数据，请刷新
popular dropshipping products 2025,,30,,0.00,0.33,,要更新指标数据，请刷新
poster dropshipping,,30,,2.67,0.99,,要更新指标数据，请刷新
prestashop dropshipping,,30,,4.38,0.99,,要更新指标数据，请刷新
privacy policy dropshipping,,30,,0.00,0.86,,要更新指标数据，请刷新
privacy policy for dropshipping website,,30,,0.00,0.66,,要更新指标数据，请刷新
private label coffee dropshipping,,30,,1.51,0.66,,要更新指标数据，请刷新
private labeling dropshipping,,30,,2.59,0.41,,要更新指标数据，请刷新
prodotti da vendere in dropshipping,,30,,0.00,0.00,,要更新指标数据，请刷新
prodotti dropshipping,,30,,0.00,0.00,,要更新指标数据，请刷新
productos para dropshipping,,30,,2.37,0.99,,要更新指标数据，请刷新
products to avoid dropshipping,,30,,0.00,0.33,,要更新指标数据，请刷新
profitable dropshipping niches 2024 low competition,,30,,0.00,0.00,,要更新指标数据，请刷新
profitable dropshipping niches 2024 shopify,,30,,0.00,0.00,,要更新指标数据，请刷新
pros and cons of dropshipping business,,30,,0.38,0.99,,要更新指标数据，请刷新
pros of dropshipping,,30,,0.00,0.33,,要更新指标数据，请刷新
páginas de dropshipping,,30,,0.00,0.29,,要更新指标数据，请刷新
que es un negocio de dropshipping,,30,,0.00,0.33,,要更新指标数据，请刷新
quel produit vendre en dropshipping,,30,,0.00,0.00,,要更新指标数据，请刷新
rakuten dropshipping,,30,,0.00,0.33,,要更新指标数据，请刷新
ready made dropshipping stores,,30,,3.41,0.66,,要更新指标数据，请刷新
reputable dropshipping suppliers,,30,,0.00,0.04,,要更新指标数据，请刷新
reselling or dropshipping,,30,,0.00,0.33,,要更新指标数据，请刷新
retail arbitrage vs dropshipping,,30,,0.00,0.33,,要更新指标数据，请刷新
saamir mithwani dropshipping,,30,,0.00,0.04,,要更新指标数据，请刷新
salesforce commerce cloud vs shopify for dropshipping,,30,,0.00,0.00,,要更新指标数据，请刷新
salesource dropshipping,,30,,0.00,0.99,,要更新指标数据，请刷新
selfnamed dropshipping,,30,,2.89,0.73,,要更新指标数据，请刷新
shipping policy template for dropshipping,,30,,0.00,0.02,,要更新指标数据，请刷新
shipstation dropshipping,,30,,0.00,0.33,,要更新指标数据，请刷新
shopfiy dropshipping,,30,,3.69,0.31,,要更新指标数据，请刷新
shopify alternatives for dropshipping free,,30,,0.00,0.71,,要更新指标数据，请刷新
shopify dropshipping australia,,30,,0.00,0.14,,要更新指标数据，请刷新
shopify dropshipping jobs,,30,,0.00,0.06,,要更新指标数据，请刷新
shopify dropshipping mexico,,30,,0.00,0.33,,要更新指标数据，请刷新
shopify dropshipping process,,30,,0.00,0.66,,要更新指标数据，请刷新
shopify dropshipping tutorial 2025,,30,,0.00,0.33,,要更新指标数据，请刷新
shopify dropshipping vs own inventory pros and cons,,30,,0.00,0.00,,要更新指标数据，请刷新
shopify dropshipping websites for sale,,30,,0.00,0.66,,要更新指标数据，请刷新
shopify vs woocommerce vs bigcommerce for dropshipping in 2025,,30,,0.00,0.00,,要更新指标数据，请刷新
site de dropshipping,,30,,3.73,0.99,,要更新指标数据，请刷新
sku dropshipping,,30,,2.60,0.66,,要更新指标数据，请刷新
spod dropshipping,,30,,2.61,0.66,,要更新指标数据，请刷新
starten met dropshipping,,30,,0.00,0.00,,要更新指标数据，请刷新
starting a dropshipping business australia,,30,,0.00,0.00,,要更新指标数据，请刷新
starting a dropshipping business on amazon,,30,,0.00,0.31,,要更新指标数据，请刷新
step by step dropshipping on amazon,,30,,2.97,0.31,,要更新指标数据，请刷新
subi dropshipping,,30,,3.67,0.33,,要更新指标数据，请刷新
success rate of dropshipping,,30,,1.80,0.33,,要更新指标数据，请刷新
sunset makeup dropshipping,,30,,0.00,0.33,,要更新指标数据，请刷新
t shirts dropshipping,,30,,3.56,0.62,,要更新指标数据，请刷新
tariffs and dropshipping,,30,,0.00,0.33,,要更新指标数据，请刷新
teemdrop dropshipping app,,30,,0.00,0.71,,要更新指标数据，请刷新
temu dropshipping to ebay,,30,,0.00,0.99,,要更新指标数据，请刷新
thca dropshipping suppliers,,30,,0.00,0.00,,要更新指标数据，请刷新
tijarat dropshipping,,30,,0.00,0.00,,要更新指标数据，请刷新
to dropshipping video ads,,30,,0.00,0.33,,要更新指标数据，请刷新
top dropshipping niches 2025 ranking,,30,,0.00,0.00,,要更新指标数据，请刷新
top dropshipping products 2024,,30,,0.00,0.33,,要更新指标数据，请刷新
top dropshipping stores in usa,,30,,0.00,0.33,,要更新指标数据，请刷新
top etsy dropshipping niches 2025,,30,,0.00,0.00,,要更新指标数据，请刷新
top profitable dropshipping product categories niches usa 2024,,30,,0.00,0.00,,要更新指标数据，请刷新
top profitable dropshipping product categories usa 2024,,30,,0.00,0.00,,要更新指标数据，请刷新
topdawg dropshipping reviews,,30,,2.95,0.33,,要更新指标数据，请刷新
trabalhar com dropshipping,,30,,0.00,0.33,,要更新指标数据，请刷新
trending dropshipping products india 2024,,30,,0.00,0.00,,要更新指标数据，请刷新
trending products dropshipping 2025,,30,,1.25,0.71,,要更新指标数据，请刷新
trending products for dropshipping 2025,,30,,2.66,0.90,,要更新指标数据，请刷新
trovare prodotti dropshipping,,30,,0.00,0.00,,要更新指标数据，请刷新
turnkey dropshipping business for sale,,30,,0.68,0.66,,要更新指标数据，请刷新
türkiye dropshipping tedarikçi listesi,,30,,0.00,0.00,,要更新指标数据，请刷新
türkiye dropshipping tedarikçi platformu,,30,,0.00,0.00,,要更新指标数据，请刷新
two step dropshipping services in houston,,30,,0.00,0.00,,要更新指标数据，请刷新
vender por dropshipping,,30,,0.00,0.99,,要更新指标数据，请刷新
vendors for dropshipping,,30,,3.46,0.99,,要更新指标数据，请刷新
verpackungsgesetz dropshipping,,30,,0.00,0.00,,要更新指标数据，请刷新
vietnam dropshipping suppliers,,30,,2.27,0.99,,要更新指标数据，请刷新
wavebyte dropshipping,,30,,0.00,0.71,,要更新指标数据，请刷新
what are the advantages of dropshipping fulfillment,,30,,0.00,0.00,,要更新指标数据，请刷新
what are the best dropshipping platforms,,30,,3.69,0.33,,要更新指标数据，请刷新
what are the best dropshipping websites to use,,30,,0.00,0.00,,要更新指标数据，请刷新
what business category is dropshipping,,30,,0.00,0.33,,要更新指标数据，请刷新
what is a good profit margin for dropshipping,,30,,0.00,0.33,,要更新指标数据，请刷新
what is autods dropshipping,,30,,0.00,0.33,,要更新指标数据，请刷新
what is dropshipping amazon,,30,,1.05,0.66,,要更新指标数据，请刷新
what is dropshipping how to start,,30,,0.00,0.33,,要更新指标数据，请刷新
what is high ticket dropshipping business model,,30,,0.00,0.00,,要更新指标数据，请刷新
what is meo dropshipping,,30,,3.31,0.33,,要更新指标数据，请刷新
what is private label dropshipping,,30,,0.00,0.33,,要更新指标数据，请刷新
what is reverse dropshipping,,30,,0.00,0.33,,要更新指标数据，请刷新
what is the dropshipping business model,,30,,0.00,0.33,,要更新指标数据，请刷新
what products are trending for dropshipping,,30,,1.94,0.78,,要更新指标数据，请刷新
what shopify plan is best for dropshipping,,30,,0.00,0.21,,要更新指标数据，请刷新
what's the difference between dropshipping and ecommerce,,30,,1.51,0.66,,要更新指标数据，请刷新
which dropshipping platform is best,,30,,6.87,0.99,,要更新指标数据，请刷新
which is easy dropshipping or trading,,30,,0.00,0.33,,要更新指标数据，请刷新
why does my shopify store say sold out dropshipping,,30,,7.83,0.33,,要更新指标数据，请刷新
will tariffs affect dropshipping,,30,,0.00,0.33,,要更新指标数据，请刷新
winning dropshipping products april 2025,,30,,0.00,0.00,,要更新指标数据，请刷新
women's clothing dropshipping usa,,30,,1.77,0.66,,要更新指标数据，请刷新
woocommerce vs shopify dropshipping,,30,,0.00,0.33,,要更新指标数据，请刷新
wordpress dropshipping plugin,,30,,3.99,0.14,,要更新指标数据，请刷新
wordpress plugin for dropshipping,,30,,0.00,0.33,,要更新指标数据，请刷新
worldwide brands dropshipping reviews,,30,,0.00,0.33,,要更新指标数据，请刷新
zonify amazon dropshipping,,30,,0.00,0.33,,要更新指标数据，请刷新
1 dropshipping,,20,,0.00,0.00,,要更新指标数据，请刷新
1 on 1 dropshipping mentorship,,20,,3.93,0.91,,要更新指标数据，请刷新
1 piece at most per customer aliexpress dropshipping,,20,,0.00,0.07,,要更新指标数据，请刷新
1 product dropshipping store,,20,,0.00,0.66,,要更新指标数据，请刷新
10 best dropshipping niches,,20,,1.73,0.55,,要更新指标数据，请刷新
100k a month dropshipping,,20,,0.00,0.33,,要更新指标数据，请刷新
100k dropshipping,,20,,0.00,0.00,,要更新指标数据，请刷新
101 dropshipping,,20,,0.00,0.86,,要更新指标数据，请刷新
10k a month dropshipping,,20,,0.00,0.07,,要更新指标数据，请刷新
1688 dropshipping agent,,20,,0.00,0.66,,要更新指标数据，请刷新
1688 dropshipping pro,,20,,2.56,0.33,,要更新指标数据，请刷新
1688 dropshipping shopify,,20,,0.00,0.99,,要更新指标数据，请刷新
18 hour dropshipping course,,20,,0.00,0.00,,要更新指标数据，请刷新
2 step dropshipping,,20,,2.79,0.66,,要更新指标数据，请刷新
2 step dropshipping meaning,,20,,0.00,0.33,,要更新指标数据，请刷新
2024 dropshipping products,,20,,0.00,0.33,,要更新指标数据，请刷新
2025 dropshipping,,20,,2.22,0.52,,要更新指标数据，请刷新
2025 dropshipping products,,20,,2.17,0.79,,要更新指标数据，请刷新
3d print on demand dropshipping,,20,,1.62,0.27,,要更新指标数据，请刷新
3d printer dropshipping,,20,,2.83,0.66,,要更新指标数据，请刷新
3pl dropshipping companies,,20,,0.00,0.00,,要更新指标数据，请刷新
3pl dropshipping reddit,,20,,0.00,0.00,,要更新指标数据，请刷新
3rd party dropshipping,,20,,3.22,0.99,,要更新指标数据，请刷新
3rd party dropshipping sources,,20,,0.00,0.86,,要更新指标数据，请刷新
3rd party supplier dropshipping,,20,,0.00,0.79,,要更新指标数据，请刷新
500 high ticket dropshipping niche ideas,,20,,1.94,0.86,,要更新指标数据，请刷新
6 figures dropshipping,,20,,0.00,0.33,,要更新指标数据，请刷新
7 figure shopify dropshipping store,,20,,0.00,0.00,,要更新指标数据，请刷新
a dropshipping business,,20,,0.00,0.36,,要更新指标数据，请刷新
a guide to dropshipping,,20,,0.00,0.57,,要更新指标数据，请刷新
a pets world dropshipping,,20,,0.00,0.44,,要更新指标数据，请刷新
a to z dropshipping,,20,,0.00,0.71,,要更新指标数据，请刷新
a.i dropshipping,,20,,0.00,0.00,,要更新指标数据，请刷新
a2z dropshipping,,20,,0.00,0.00,,要更新指标数据，请刷新
a4 apparel dropshipping,,20,,0.00,0.33,,要更新指标数据，请刷新
a4 dropshipping,,20,,0.00,1.00,,要更新指标数据，请刷新
abaya dropshipping,,20,,0.00,1.00,,要更新指标数据，请刷新
abo dropshipping,,20,,0.00,0.33,,要更新指标数据，请刷新
about dropshipping,,20,,2.71,0.99,,要更新指标数据，请刷新
about dropshipping business,,20,,0.00,0.57,,要更新指标数据，请刷新
ac hampton dropshipping,,20,,5.16,0.66,,要更新指标数据，请刷新
accountant for dropshipping,,20,,0.00,0.33,,要更新指标数据，请刷新
accounting software for dropshipping,,20,,0.00,0.33,,要更新指标数据，请刷新
activewear dropshipping,,20,,2.28,0.90,,要更新指标数据，请刷新
activewear dropshipping suppliers,,20,,2.69,0.99,,要更新指标数据，请刷新
add dropshipping to shopify,,20,,3.51,0.99,,要更新指标数据，请刷新
adidas dropshipping,,20,,0.00,0.66,,要更新指标数据，请刷新
adminer dropshipping,,20,,0.00,0.71,,要更新指标数据，请刷新
adrian morrison dropshipping,,20,,0.00,0.57,,要更新指标数据，请刷新
adrian saenz dropshipping,,20,,0.00,0.57,,要更新指标数据，请刷新
ads for dropshipping,,20,,12.65,0.79,,要更新指标数据，请刷新
adspy dropshipping,,20,,0.00,0.00,,要更新指标数据，请刷新
adult dropshipping store,,20,,2.42,0.90,,要更新指标数据，请刷新
advanced dropshipping,,20,,0.00,0.33,,要更新指标数据，请刷新
advanced dropshipping academy,,20,,0.00,0.33,,要更新指标数据，请刷新
advertise dropshipping store,,20,,0.00,0.00,,要更新指标数据，请刷新
advertising for dropshipping,,20,,12.65,0.79,,要更新指标数据，请刷新
affiliate dropshipping,,20,,2.25,0.33,,要更新指标数据，请刷新
affiliate marketing and dropshipping,,20,,0.00,0.67,,要更新指标数据，请刷新
affiliate marketing or dropshipping,,20,,0.00,0.66,,要更新指标数据，请刷新
affiliate marketing or dropshipping which is best,,20,,0.00,0.64,,要更新指标数据，请刷新
affiliate marketing vs dropshipping reddit,,20,,0.00,0.33,,要更新指标数据，请刷新
affiliate marketing vs dropshipping which is better,,20,,0.00,0.24,,要更新指标数据，请刷新
affiliate marketing vs. dropshipping,,20,,0.74,0.09,,要更新指标数据，请刷新
agb dropshipping,,20,,0.00,0.00,,要更新指标数据，请刷新
age for dropshipping,,20,,0.00,0.14,,要更新指标数据，请刷新
agent for dropshipping,,20,,0.00,0.33,,要更新指标数据，请刷新
ai agent dropshipping,,20,,4.06,0.86,,要更新指标数据，请刷新
ai amazon dropshipping,,20,,2.96,1.00,,要更新指标数据，请刷新
ai digital dropshipping,,20,,4.84,0.42,,要更新指标数据，请刷新
ai dropship us eu dropshipping,,20,,3.58,0.99,,要更新指标数据，请刷新
ai dropshipping 2025,,20,,0.00,0.90,,要更新指标数据，请刷新
ai dropshipping ads,,20,,8.11,0.99,,要更新指标数据，请刷新
ai dropshipping course,,20,,3.38,0.99,,要更新指标数据，请刷新
ai dropshipping for free,,20,,8.65,0.99,,要更新指标数据，请刷新
ai dropshipping reddit,,20,,5.28,0.33,,要更新指标数据，请刷新
ai dropshipping store builder free,,20,,7.42,0.99,,要更新指标数据，请刷新
ai dropshipping success rate,,20,,0.00,0.17,,要更新指标数据，请刷新
ai dropshipping tutorial,,20,,5.27,0.66,,要更新指标数据，请刷新
ai dropshipping website builder shopify,,20,,0.00,0.89,,要更新指标数据，请刷新
ai dropshipping what is it,,20,,1.79,0.39,,要更新指标数据，请刷新
ai product finder for dropshipping,,20,,6.06,0.56,,要更新指标数据，请刷新
ai shopify dropshipping store,,20,,0.00,0.86,,要更新指标数据，请刷新
ai shopify dropshipping store builder,,20,,7.56,0.99,,要更新指标数据，请刷新
ai tools for dropshipping product research,,20,,0.00,0.00,,要更新指标数据，请刷新
ai website builder for dropshipping,,20,,4.67,0.87,,要更新指标数据，请刷新
air purifier dropshipping,,20,,0.00,0.66,,要更新指标数据，请刷新
airbnb dropshipping,,20,,0.00,0.14,,要更新指标数据，请刷新
airpods dropshipping,,20,,2.73,0.66,,要更新指标数据，请刷新
ak dropshipping,,20,,0.00,0.33,,要更新指标数据，请刷新
al dropshipping,,20,,5.59,0.99,,要更新指标数据，请刷新
alanic dropshipping,,20,,0.00,1.00,,要更新指标数据，请刷新
ald - aliexpress dropshipping and fulfillment for woocommerce,,20,,0.00,0.57,,要更新指标数据，请刷新
ald dropshipping,,20,,0.00,0.71,,要更新指标数据，请刷新
alex ikonn and mimi dropshipping,,20,,0.00,0.00,,要更新指标数据，请刷新
alex philip dropshipping,,20,,0.00,0.33,,要更新指标数据，请刷新
ali dropshipping center,,20,,0.00,0.50,,要更新指标数据，请刷新
ali dropshipping login,,20,,2.57,0.99,,要更新指标数据，请刷新
ali dropshipping products,,20,,4.72,0.66,,要更新指标数据，请刷新
ali dropshipping store,,20,,0.00,0.86,,要更新指标数据，请刷新
alibaba amazon dropshipping,,20,,0.40,0.66,,要更新指标数据，请刷新
alibaba and dropshipping,,20,,0.00,0.95,,要更新指标数据，请刷新
alibaba com dropshipping,,20,,2.07,0.66,,要更新指标数据，请刷新
alibaba dropshipping account,,20,,0.00,0.57,,要更新指标数据，请刷新
alibaba dropshipping api,,20,,0.00,0.36,,要更新指标数据，请刷新
alibaba dropshipping app,,20,,3.09,0.12,,要更新指标数据，请刷新
alibaba dropshipping business,,20,,0.00,0.86,,要更新指标数据，请刷新
alibaba dropshipping ebay,,20,,2.63,0.64,,要更新指标数据，请刷新
alibaba dropshipping guide,,20,,0.00,0.33,,要更新指标数据，请刷新
alibaba dropshipping login,,20,,0.00,0.62,,要更新指标数据，请刷新
alibaba dropshipping plugin,,20,,0.00,0.33,,要更新指标数据，请刷新
alibaba dropshipping program,,20,,0.00,0.00,,要更新指标数据，请刷新
alibaba dropshipping reddit,,20,,0.00,0.05,,要更新指标数据，请刷新
alibaba dropshipping review,,20,,1.85,0.50,,要更新指标数据，请刷新
alibaba dropshipping reviews,,20,,1.85,0.50,,要更新指标数据，请刷新
alibaba dropshipping service,,20,,0.00,0.33,,要更新指标数据，请刷新
alibaba dropshipping shopify app,,20,,0.00,0.38,,要更新指标数据，请刷新
alibaba dropshipping usa,,20,,1.68,1.00,,要更新指标数据，请刷新
alibaba dropshipping wix,,20,,0.00,0.00,,要更新指标数据，请刷新
alibaba dropshipping woocommerce,,20,,0.00,0.66,,要更新指标数据，请刷新
alibaba ebay dropshipping,,20,,0.00,0.33,,要更新指标数据，请刷新
alibaba express dropshipping,,20,,0.00,0.99,,要更新指标数据，请刷新
alibaba express dropshipping center,,20,,0.00,1.00,,要更新指标数据，请刷新
alibaba for dropshipping,,20,,2.20,0.66,,要更新指标数据，请刷新
alibaba or aliexpress for dropshipping,,20,,2.54,0.27,,要更新指标数据，请刷新
alibaba private label dropshipping,,20,,1.69,0.09,,要更新指标数据，请刷新
alibaba to amazon dropshipping,,20,,0.98,0.63,,要更新指标数据，请刷新
alibaba to ebay dropshipping,,20,,2.18,0.66,,要更新指标数据，请刷新
alibaba vs aliexpress dropshipping reddit,,20,,0.00,0.00,,要更新指标数据，请刷新
alibaba vs aliexpress for dropshipping,,20,,0.00,0.18,,要更新指标数据，请刷新
alice liu dropshipping,,20,,0.00,0.33,,要更新指标数据，请刷新
alidrop dropshipping,,20,,3.14,0.27,,要更新指标数据，请刷新
aliexpress address for dropshipping,,20,,0.00,0.00,,要更新指标数据，请刷新
aliexpress amazon dropshipping,,20,,2.41,0.73,,要更新指标数据，请刷新
aliexpress and dropshipping,,20,,3.54,0.16,,要更新指标数据，请刷新
aliexpress api dropshipping,,20,,0.00,0.36,,要更新指标数据，请刷新
aliexpress automated dropshipping,,20,,0.00,0.33,,要更新指标数据，请刷新
aliexpress best dropshipping products,,20,,0.00,0.66,,要更新指标数据，请刷新
aliexpress center dropshipping,,20,,0.00,1.00,,要更新指标数据，请刷新
aliexpress com dropshipping,,20,,0.00,0.78,,要更新指标数据，请刷新
aliexpress dropshipping agent,,20,,0.00,0.33,,要更新指标数据，请刷新
aliexpress dropshipping alternative,,20,,0.00,0.00,,要更新指标数据，请刷新
aliexpress dropshipping alternatives,,20,,0.00,0.99,,要更新指标数据，请刷新
aliexpress dropshipping amazon,,20,,2.01,0.66,,要更新指标数据，请刷新
aliexpress dropshipping and fulfillment for woocommerce,,20,,0.00,0.00,,要更新指标数据，请刷新
aliexpress dropshipping api,,20,,2.82,0.41,,要更新指标数据，请刷新
aliexpress dropshipping australia,,20,,0.00,0.00,,要更新指标数据，请刷新
aliexpress dropshipping automation,,20,,0.00,0.33,,要更新指标数据，请刷新
aliexpress dropshipping business,,20,,0.00,0.33,,要更新指标数据，请刷新
aliexpress dropshipping business plugin for woocommerce,,20,,0.00,1.00,,要更新指标数据，请刷新
aliexpress dropshipping center chrome extension,,20,,0.00,0.33,,要更新指标数据，请刷新
aliexpress dropshipping center dashboard,,20,,0.00,0.93,,要更新指标数据，请刷新
aliexpress dropshipping center find products to sell,,20,,0.00,0.00,,要更新指标数据，请刷新
aliexpress dropshipping center join,,20,,0.00,0.86,,要更新指标数据，请刷新
aliexpress dropshipping center link,,20,,0.00,0.00,,要更新指标数据，请刷新
aliexpress dropshipping center product analysis,,20,,0.00,0.33,,要更新指标数据，请刷新
aliexpress dropshipping center usa,,20,,0.00,0.00,,要更新指标数据，请刷新
aliexpress dropshipping centre,,20,,1.63,0.34,,要更新指标数据，请刷新
aliexpress dropshipping cost,,20,,0.00,0.81,,要更新指标数据，请刷新
aliexpress dropshipping course,,20,,0.00,0.33,,要更新指标数据，请刷新
aliexpress dropshipping custom packaging,,20,,0.00,0.57,,要更新指标数据，请刷新
aliexpress dropshipping delivery time,,20,,0.00,0.33,,要更新指标数据，请刷新
aliexpress dropshipping etsy,,20,,0.00,0.64,,要更新指标数据，请刷新
aliexpress dropshipping extension,,20,,0.00,0.89,,要更新指标数据，请刷新
aliexpress dropshipping for woocommerce,,20,,0.00,0.00,,要更新指标数据，请刷新
aliexpress dropshipping free,,20,,4.13,0.54,,要更新指标数据，请刷新
aliexpress dropshipping guide,,20,,0.00,0.00,,要更新指标数据，请刷新
aliexpress dropshipping items,,20,,0.00,0.33,,要更新指标数据，请刷新
aliexpress dropshipping login,,20,,2.23,0.57,,要更新指标数据，请刷新
aliexpress dropshipping packaging,,20,,0.00,0.50,,要更新指标数据，请刷新
aliexpress dropshipping partner,,20,,0.00,0.71,,要更新指标数据，请刷新
aliexpress dropshipping philippines,,20,,0.00,0.33,,要更新指标数据，请刷新
aliexpress dropshipping plugin for woocommerce,,20,,0.00,0.39,,要更新指标数据，请刷新
aliexpress dropshipping plugin free,,20,,0.00,1.00,,要更新指标数据，请刷新
aliexpress dropshipping plugin woocommerce,,20,,0.00,0.00,,要更新指标数据，请刷新
aliexpress dropshipping plugin wordpress,,20,,1.09,0.33,,要更新指标数据，请刷新
aliexpress dropshipping pricing,,20,,0.00,0.71,,要更新指标数据，请刷新
aliexpress dropshipping reddit,,20,,0.00,0.33,,要更新指标数据，请刷新
aliexpress dropshipping return policy,,20,,0.00,0.33,,要更新指标数据，请刷新
aliexpress dropshipping review,,20,,2.73,0.33,,要更新指标数据，请刷新
aliexpress dropshipping reviews,,20,,2.73,0.33,,要更新指标数据，请刷新
aliexpress dropshipping sales tax,,20,,0.00,0.00,,要更新指标数据，请刷新
aliexpress dropshipping service,,20,,0.00,0.33,,要更新指标数据，请刷新
aliexpress dropshipping shopify app,,20,,0.00,0.00,,要更新指标数据，请刷新
aliexpress dropshipping sign up,,20,,1.65,0.57,,要更新指标数据，请刷新
aliexpress dropshipping sites,,20,,0.00,0.33,,要更新指标数据，请刷新
aliexpress dropshipping store,,20,,3.19,0.38,,要更新指标数据，请刷新
aliexpress dropshipping tiktok,,20,,0.00,0.52,,要更新指标数据，请刷新
aliexpress dropshipping to amazon,,20,,0.00,0.00,,要更新指标数据，请刷新
aliexpress dropshipping to ebay,,20,,0.00,0.71,,要更新指标数据，请刷新
aliexpress dropshipping tool,,20,,4.70,0.33,,要更新指标数据，请刷新
aliexpress dropshipping tutorial,,20,,0.00,0.71,,要更新指标数据，请刷新
aliexpress dropshipping uk,,20,,0.00,0.00,,要更新指标数据，请刷新
aliexpress dropshipping usa,,20,,0.00,1.00,,要更新指标数据，请刷新
aliexpress dropshipping wholesalers,,20,,0.00,0.33,,要更新指标数据，请刷新
aliexpress dropshipping woocommerce,,20,,0.00,0.00,,要更新指标数据，请刷新
mutual dropshipping,N,210,25,2.96,0.22,646K,3 周
sellvia dropshipping,N,210,14,4.82,0.78,46.6K,2 周
shein dropshipping,I,210,21,2.10,0.68,,1 个月
shopify dropshipping course,I,210,34,3.00,0.19,1.7M,1 个月
shopify dropshipping platform,T,210,40,5.27,0.36,2.5M,1 个月
site dropshipping,I,210,49,3.64,0.66,33.8M,1 个月
spocket dropshipping app,I,210,54,0.00,0.00,65.6K,1 个月
us based dropshipping suppliers,I,210,58,2.84,0.74,7M,1 个月
what dropshipping,I,210,48,0.98,0.29,57M,上周
what is shopify dropshipping,I,210,47,0.90,0.38,16.6M,1 个月
white label dropshipping,I,210,4,1.92,0.61,144,1 个月
wholesale dropshipping suppliers,C,210,72,3.37,0.40,5.1M,2 周
winning dropshipping products,I,210,40,2.47,0.23,41.1M,1 个月
wix dropshipping,N,210,30,3.56,0.52,2.2M,1 个月
zendrop dropshipping,N,210,47,3.53,0.41,130,1 个月
1688 dropshipping,I,170,20,2.20,0.63,771K,2 周
amazon dropshipping account,I,170,47,4.41,0.69,,1 个月
amazon dropshipping policy requirements legal guidelines,I,170,28,0.00,0.00,1.8M,1 个月
amazon to ebay dropshipping,I,170,24,2.05,0.48,124,3 周
autods dropshipping tool,N,170,44,0.00,0.00,138K,1 个月
benefits of dropshipping,I,170,15,1.03,0.31,9.7M,3 周
best dropshipping items,C,170,15,1.58,0.56,15.5M,1 个月
best dropshipping niche,C,170,12,1.64,0.59,4.3M,1 个月
best dropshipping platform,C,170,30,3.92,0.72,12.1M,1 个月
best dropshipping products 2024 high demand profitable,,170,,0.00,0.00,,要更新指标数据，请刷新
business license for dropshipping,I,170,26,8.45,0.01,2.9M,4 周
can international students do dropshipping in usa,I,170,15,0.00,0.00,3.6M,1 个月
cj dropshipping reviews,I,170,31,1.48,0.40,336K,1 个月
definition of dropshipping,I,170,58,0.70,0.17,2.5M,1 个月
difference between dropshipping and amazon fba fulfillment business models,I,170,9,0.00,0.00,131,4 周
does amazon allow dropshipping,I,170,35,1.84,0.43,122,1 个月
does dropshipping still work in 2025,I,170,26,1.10,0.27,136,3 周
dropshipping ads,I,170,18,7.90,0.32,16.8M,1 个月
dropshipping alibaba,I,170,30,1.69,0.69,2.8M,1 个月
dropshipping apps for shopify,C,170,42,3.88,0.03,,1 个月
dropshipping business models,I,170,37,1.49,0.07,12M,2 周
dropshipping discord,N,170,35,3.23,0.09,102,2 周
dropshipping does it work,I,170,49,1.30,0.35,20M,1 个月
dropshipping electronics,I,170,15,2.34,0.07,10.8M,1 个月
dropshipping from alibaba,I,170,32,2.00,0.68,3.1M,1 个月
dropshipping home decor,C,170,4,1.87,0.44,4.7M,上周
dropshipping in 2025,I,170,22,2.05,0.25,51.7M,1 个月
dropshipping makeup,I,170,22,1.91,0.53,7.1M,3 周
dropshipping marketing,I,170,29,8.72,0.30,,1 个月
dropshipping print on demand,I,170,63,2.80,0.81,5.6M,3 周
dropshipping product,I,170,50,2.22,0.63,33.8M,1 个月
dropshipping scam,I,170,42,0.78,0.05,6.5M,2 周
dropshipping service,I,170,69,3.46,0.18,147,1 个月
dropshipping shirts,C,170,29,3.31,0.71,9M,3 周
dropshipping shopify stores,I,170,28,2.87,0.22,14.3M,2 周
dropshipping site,I,170,73,3.19,0.67,147,3 周
dropshipping solutions,I,170,58,0.00,0.05,142,1 个月
dropshipping stores for sale,T,170,22,2.16,0.66,33M,1 个月
dropshipping supplier usa,I,170,44,2.56,0.66,,1 个月
dropshipping suppliers in the us,I,170,67,2.56,0.66,8.3M,2 周
dropshipping suppliers uk,I,170,25,1.86,0.34,4.1M,1 个月
dropshipping tutorial,I,170,52,2.37,0.46,124,1 个月
dropshipping virtual assistant,I,170,10,7.55,0.10,1.5M,3 周
dropshipping vs amazon fba,I,170,10,0.95,0.28,116,2 周
dropshipping vs retail business model differences,I,170,12,0.00,0.00,140,4 周
dropshipping website examples,I,170,33,2.01,0.45,5.6M,1 个月
dropshipping what does it mean,I,170,51,0.51,0.19,9.5M,3 周
dropshipping winning products,I,170,37,2.32,0.61,124,1 个月
dropshipping with aliexpress,I,170,23,2.43,0.68,,1 个月
dropshipping with no money,I,170,25,3.98,0.81,21.3M,1 个月
facebook dropshipping,I,170,25,3.48,0.23,22.7M,1 个月
facebook marketplace dropshipping,I,170,24,3.33,0.21,6.4M,1 个月
fashion jewelry dropshipping suppliers no inventory,I,170,6,0.00,0.00,111,4 周
good niches for dropshipping,I,170,13,1.64,0.59,334K,1 个月
how does amazon dropshipping work,I,170,25,0.97,0.64,134,1 个月
how does dropshipping work on amazon,I,170,33,1.24,0.71,17M,上周
how much can you make from dropshipping,I,170,21,1.08,0.29,128,3 周
how much does it cost to start dropshipping,I,170,27,1.87,0.51,22.8M,1 个月
how much money can you make from dropshipping,I,170,17,0.97,0.27,31.1M,1 个月
how to find a dropshipping supplier,I,170,45,2.35,0.66,3.4M,上周
how to find dropshipping products,I,170,29,2.57,0.65,21.3M,1 个月
how to start a dropshipping,I,170,33,3.02,0.68,147,1 个月
how to start dropshipping for free on amazon,I,170,31,2.93,0.74,12.5M,1 个月
is dropshipping still worth it 2025,I,170,27,0.00,0.00,46.4M,3 周
johnny hallyday dropshipping,C,170,16,0.00,0.00,60.9K,1 个月
learn dropshipping,I,170,55,3.20,0.63,33.2M,1 个月
online store for dropshipping,I,170,68,3.92,0.01,12M,1 个月
oshi dropshipping,N,170,27,0.00,0.57,76,2 周
pod dropshipping,I,170,48,2.76,0.72,4.8M,3 周
pre built dropshipping stores,I,170,38,3.44,0.83,2.7M,1 个月
product research for dropshipping,I,170,32,4.41,0.54,143K,3 周
profitable niches for dropshipping,I,170,23,0.94,0.01,154K,1 个月
q depot dropshipping,N,170,34,0.00,0.00,45.3K,1 个月
reddit dropshipping 2025,N,170,31,0.00,0.03,6.1M,2 周
reputable dropshipping supplier,C,170,52,2.87,0.07,1.3M,3 周
shopify stores dropshipping,I,170,37,2.87,0.22,16.1M,3 周
spocket dropshipping platform,N,170,48,0.00,0.02,72.9K,2 周
start dropshipping business,I,170,54,2.82,0.72,24.2M,1 个月
syncee dropshipping,N,170,50,3.21,0.55,44.4K,2 周
the new beauty dropshipping,I,170,14,0.00,0.08,10.8M,2 周
trending dropshipping products 2025 no competition,I,170,13,3.16,0.09,129,1 个月
trending dropshipping products november 2025,I,170,26,0.00,0.00,128,3 周
unique dropshipping agent china headline examples,,170,,0.00,0.00,,要更新指标数据，请刷新
what is branded dropshipping,I,170,21,1.49,0.19,141,1 个月
what is digital dropshipping,I,170,23,1.29,0.42,28M,2 周
amazon dropshipping returns,,20,,0.00,0.33,,要更新指标数据，请刷新
amazon dropshipping reviews,,20,,0.00,0.19,,要更新指标数据，请刷新
amazon dropshipping salary for beginners,,20,,0.00,0.86,,要更新指标数据，请刷新
amazon dropshipping salary per month,,20,,0.00,0.04,,要更新指标数据，请刷新
amazon dropshipping service,,20,,4.25,0.01,,要更新指标数据，请刷新
amazon dropshipping shopify app,,20,,0.00,0.71,,要更新指标数据，请刷新
amazon dropshipping side hustle,,20,,0.00,0.86,,要更新指标数据，请刷新
amazon dropshipping startup cost,,20,,0.00,0.79,,要更新指标数据，请刷新
amazon dropshipping step by step,,20,,0.00,0.33,,要更新指标数据，请刷新
amazon dropshipping success rate,,20,,0.00,0.20,,要更新指标数据，请刷新
amazon dropshipping suppliers usa,,20,,2.10,0.66,,要更新指标数据，请刷新
amazon dropshipping taxes,,20,,0.00,0.00,,要更新指标数据，请刷新
amazon dropshipping tool,,20,,2.66,0.33,,要更新指标数据，请刷新
amazon dropshipping training,,20,,0.00,0.51,,要更新指标数据，请刷新
amazon dropshipping tutorial,,20,,0.00,0.00,,要更新指标数据，请刷新
amazon dropshipping uae,,20,,0.00,0.33,,要更新指标数据，请刷新
amazon dropshipping uk,,20,,0.00,0.33,,要更新指标数据，请刷新
amazon dropshipping usa,,20,,0.00,0.66,,要更新指标数据，请刷新
amazon dropshipping vs amazon fba,,20,,0.00,0.52,,要更新指标数据，请刷新
amazon dropshipping vs fba,,20,,1.08,0.33,,要更新指标数据，请刷新
amazon dropshipping vs shopify,,20,,0.25,0.33,,要更新指标数据，请刷新
amazon dropshipping vs shopify dropshipping,,20,,0.00,0.33,,要更新指标数据，请刷新
amazon dropshipping website,,20,,4.39,0.66,,要更新指标数据，请刷新
amazon dropshipping what is it,,20,,0.00,0.33,,要更新指标数据，请刷新
amazon dropshipping with aliexpress,,20,,0.00,0.86,,要更新指标数据，请刷新
amazon dropshipping with shopify,,20,,4.19,0.99,,要更新指标数据，请刷新
amazon dropshipping woocommerce,,20,,0.00,0.66,,要更新指标数据，请刷新
amazon dropshipping worth it,,20,,0.00,0.24,,要更新指标数据，请刷新
amazon dropshipping youtube,,20,,0.00,0.33,,要更新指标数据，请刷新
amazon fba and dropshipping,,20,,0.00,0.33,,要更新指标数据，请刷新
amazon fba dropshipping reddit,,20,,0.00,0.33,,要更新指标数据，请刷新
amazon fba or dropshipping reddit,,20,,0.00,0.33,,要更新指标数据，请刷新
amazon fba or shopify dropshipping,,20,,0.00,0.00,,要更新指标数据，请刷新
amazon fba vs amazon dropshipping,,20,,0.00,0.33,,要更新指标数据，请刷新
amazon fba vs dropshipping reddit,,20,,0.00,0.33,,要更新指标数据，请刷新
amazon fba vs dropshipping which is better,,20,,0.00,0.29,,要更新指标数据，请刷新
amazon fba vs shopify dropshipping,,20,,0.00,0.33,,要更新指标数据，请刷新
amazon for dropshipping,,20,,2.60,0.66,,要更新指标数据，请刷新
amazon india dropshipping,,20,,0.00,0.14,,要更新指标数据，请刷新
amazon or shopify dropshipping,,20,,0.00,0.29,,要更新指标数据，请刷新
amazon or shopify for dropshipping,,20,,0.00,0.00,,要更新指标数据，请刷新
amazon private label vs dropshipping,,20,,0.00,0.33,,要更新指标数据，请刷新
amazon products for dropshipping,,20,,0.00,0.86,,要更新指标数据，请刷新
amazon section 3 dropshipping,,20,,0.00,0.57,,要更新指标数据，请刷新
amazon seller account dropshipping,,20,,2.03,0.78,,要更新指标数据，请刷新
amazon seller central dropshipping,,20,,2.31,0.29,,要更新指标数据，请刷新
amazon seller dropshipping policy,,20,,0.00,0.33,,要更新指标数据，请刷新
amazon seller vs dropshipping,,20,,0.00,0.25,,要更新指标数据，请刷新
amazon store dropshipping,,20,,3.22,0.89,,要更新指标数据，请刷新
amazon suppliers for dropshipping,,20,,3.15,0.86,,要更新指标数据，请刷新
amazon to amazon dropshipping,,20,,0.00,0.29,,要更新指标数据，请刷新
amazon to ebay dropshipping reddit,,20,,0.00,0.04,,要更新指标数据，请刷新
amazon to ebay dropshipping tool,,20,,0.00,0.43,,要更新指标数据，请刷新
amazon to ebay dropshipping tracking number,,20,,0.00,0.33,,要更新指标数据，请刷新
amazon to etsy dropshipping,,20,,0.00,0.33,,要更新指标数据，请刷新
amazon to tiktok dropshipping,,20,,2.78,0.90,,要更新指标数据，请刷新
amazon to walmart dropshipping,,20,,3.18,0.47,,要更新指标数据，请刷新
amazon virtual assistant for dropshipping,,20,,0.00,0.33,,要更新指标数据，请刷新
amazon vs dropshipping,,20,,0.00,0.27,,要更新指标数据，请刷新
amazon vs shopify dropshipping,,20,,0.00,0.33,,要更新指标数据，请刷新
amazon wholesale vs dropshipping,,20,,0.00,0.33,,要更新指标数据，请刷新
amazon.ae amazon.sa dropshipping allowed policy,,20,,0.00,0.00,,要更新指标数据，请刷新
amazon.ae amazon.sa dropshipping policy 2024,,20,,0.00,0.00,,要更新指标数据，请刷新
american based dropshipping suppliers,,20,,2.96,0.93,,要更新指标数据，请刷新
american made dropshipping,,20,,0.00,0.71,,要更新指标数据，请刷新
american made dropshipping products,,20,,2.00,1.00,,要更新指标数据，请刷新
american made products for dropshipping,,20,,0.00,0.00,,要更新指标数据，请刷新
amway dropshipping,,20,,0.00,0.33,,要更新指标数据，请刷新
ancient wisdom dropshipping,,20,,0.00,0.33,,要更新指标数据，请刷新
andreas and alexander dropshipping,,20,,0.00,0.33,,要更新指标数据，请刷新
andreas koenig dropshipping,,20,,0.00,0.33,,要更新指标数据，请刷新
andrew tate dropshipping course,,20,,1.54,0.29,,要更新指标数据，请刷新
andrew yu dropshipping,,20,,0.00,0.05,,要更新指标数据，请刷新
andy stauring dropshipping,,20,,0.00,0.33,,要更新指标数据，请刷新
anime dropshipping,,20,,0.00,0.04,,要更新指标数据，请刷新
anime dropshipping suppliers,,20,,1.59,0.32,,要更新指标数据，请刷新
annloren dropshipping,,20,,0.00,0.36,,要更新指标数据，请刷新
ano ang dropshipping business,,20,,0.00,0.36,,要更新指标数据，请刷新
another name for dropshipping,,20,,0.00,0.33,,要更新指标数据，请刷新
another word for dropshipping,,20,,0.00,0.33,,要更新指标数据，请刷新
ant dropshipping,,20,,0.00,0.00,,要更新指标数据，请刷新
anti dropshipping,,20,,0.00,0.08,,要更新指标数据，请刷新
anti dropshipping website,,20,,0.00,0.16,,要更新指标数据，请刷新
anton dropshipping,,20,,0.00,0.00,,要更新指标数据，请刷新
anton kraly dropshipping,,20,,0.00,0.00,,要更新指标数据，请刷新
aop dropshipping,,20,,3.42,0.81,,要更新指标数据，请刷新
aosom dropshipping,,20,,0.00,0.66,,要更新指标数据，请刷新
aov dropshipping,,20,,0.00,0.33,,要更新指标数据，请刷新
apex dropshipping,,20,,0.00,0.33,,要更新指标数据，请刷新
api for dropshipping,,20,,0.00,0.00,,要更新指标数据，请刷新
aplicaciones para hacer dropshipping,,20,,0.00,1.00,,要更新指标数据，请刷新
apliiq dropshipping,,20,,3.51,0.44,,要更新指标数据，请刷新
app dropshipping,,20,,3.65,0.66,,要更新指标数据，请刷新
app dropshipping shopify,,20,,0.00,0.33,,要更新指标数据，请刷新
app shopify dropshipping,,20,,0.00,0.29,,要更新指标数据，请刷新
apparel dropshipping companies,,20,,0.00,0.71,,要更新指标数据，请刷新
apple dropshipping,,20,,2.07,0.33,,要更新指标数据，请刷新
application dropshipping,,20,,3.65,0.66,,要更新指标数据，请刷新
apps for shopify dropshipping,,20,,0.00,0.66,,要更新指标数据，请刷新
apps para dropshipping,,20,,0.00,0.00,,要更新指标数据，请刷新
apps to find dropshipping products,,20,,0.00,0.00,,要更新指标数据，请刷新
apps to use for dropshipping,,20,,2.66,1.00,,要更新指标数据，请刷新
apps you need for dropshipping,,20,,0.00,0.50,,要更新指标数据，请刷新
appscenic dropshipping,,20,,4.45,0.62,,要更新指标数据，请刷新
aprender dropshipping,,20,,0.00,0.00,,要更新指标数据，请刷新
aprender dropshipping gratis,,20,,0.00,0.59,,要更新指标数据，请刷新
aquarium dropshipping,,20,,0.00,0.00,,要更新指标数据，请刷新
ar dropshipping login,,20,,0.00,0.00,,要更新指标数据，请刷新
ar dropshipping pakistan,,20,,0.00,0.00,,要更新指标数据，请刷新
arabic perfume dropshipping,,20,,0.00,1.00,,要更新指标数据，请刷新
arbitrage dropshipping,,20,,2.78,0.36,,要更新指标数据，请刷新
arbitrage vs dropshipping,,20,,0.00,0.33,,要更新指标数据，请刷新
are all shopify stores dropshipping,,20,,0.00,0.05,,要更新指标数据，请刷新
are dropshipping businesses legit,,20,,1.05,0.66,,要更新指标数据，请刷新
are dropshipping businesses profitable,,20,,0.88,0.66,,要更新指标数据，请刷新
are dropshipping businesses successful,,20,,1.08,0.61,,要更新指标数据，请刷新
are dropshipping courses worth it,,20,,2.43,0.66,,要更新指标数据，请刷新
are dropshipping stores profitable,,20,,0.00,0.43,,要更新指标数据，请刷新
are people still making money from dropshipping,,20,,0.00,0.48,,要更新指标数据，请刷新
are pet products good for dropshipping,,20,,0.00,0.24,,要更新指标数据，请刷新
are pre built dropshipping stores worth it,,20,,0.00,0.00,,要更新指标数据，请刷新
are prebuilt dropshipping stores legit,,20,,0.00,0.00,,要更新指标数据，请刷新
are watches good for dropshipping,,20,,0.00,0.07,,要更新指标数据，请刷新
argos dropshipping,,20,,0.00,0.01,,要更新指标数据，请刷新
aromatherapy dropshipping,,20,,0.00,0.64,,要更新指标数据，请刷新
art print dropshipping,,20,,0.00,0.66,,要更新指标数据，请刷新
art print dropshipping supplier,,20,,0.00,0.00,,要更新指标数据，请刷新
articture dropshipping,,20,,0.00,0.00,,要更新指标数据，请刷新
artisan dropshipping,,20,,2.74,0.99,,要更新指标数据，请刷新
artisan furniture dropshipping,,20,,0.00,0.33,,要更新指标数据，请刷新
artsadd dropshipping,,20,,1.12,0.64,,要更新指标数据，请刷新
as dropshipping,,20,,0.00,0.57,,要更新指标数据，请刷新
as seen on tv dropshipping,,20,,0.00,0.33,,要更新指标数据，请刷新
asos dropshipping,,20,,0.00,0.00,,要更新指标数据，请刷新
aspire home accents dropshipping,,20,,0.00,0.33,,要更新指标数据，请刷新
at what age can i start dropshipping,,20,,0.00,0.08,,要更新指标数据，请刷新
at what age can you start dropshipping,,20,,0.93,0.29,,要更新指标数据，请刷新
athleisure dropshipping,,20,,1.67,0.97,,要更新指标数据，请刷新
atm dropshipping,,20,,0.00,0.33,,要更新指标数据，请刷新
ats dropshipping,,20,,0.00,0.00,,要更新指标数据，请刷新
australia dropshipping suppliers,,20,,0.00,0.50,,要更新指标数据，请刷新
australian dropshipping companies,,20,,2.11,0.66,,要更新指标数据，请刷新
australian dropshipping suppliers,,20,,2.11,0.66,,要更新指标数据，请刷新
auto 10 dropshipping,,20,,0.00,0.71,,要更新指标数据，请刷新
auto ads dropshipping,,20,,6.85,0.99,,要更新指标数据，请刷新
auto dns dropshipping,,20,,0.00,0.79,,要更新指标数据，请刷新
auto dropshipping free,,20,,5.47,0.80,,要更新指标数据，请刷新
auto ds: ai dropshipping & pod,,20,,7.43,0.66,,要更新指标数据，请刷新
auto entrepreneur dropshipping,,20,,0.00,0.00,,要更新指标数据，请刷新
auto parts dropshipping usa,,20,,1.51,1.00,,要更新指标数据，请刷新
autodesk dropshipping,,20,,0.00,0.14,,要更新指标数据，请刷新
autods ai dropshipping & pod,,20,,7.93,0.99,,要更新指标数据，请刷新
autods all in one dropshipping,,20,,2.81,0.66,,要更新指标数据，请刷新
autods automatic dropshipping,,20,,2.97,0.68,,要更新指标数据，请刷新
autods dropshipping course,,20,,4.21,0.33,,要更新指标数据，请刷新
autods dropshipping helper chrome extension,,20,,0.00,0.33,,要更新指标数据，请刷新
autods dropshipping helper extension,,20,,0.00,0.33,,要更新指标数据，请刷新
autods dropshipping products,,20,,0.00,0.33,,要更新指标数据，请刷新
autods ebay manual dropshipping,,20,,0.00,0.33,,要更新指标数据，请刷新
autods shopify dropshipping,,20,,0.00,0.33,,要更新指标数据，请刷新
autods: dropshipping & pod,,20,,0.00,0.00,,要更新指标数据，请刷新
automate dropshipping orders,,20,,0.00,0.33,,要更新指标数据，请刷新
automate ebay dropshipping,,20,,4.84,0.66,,要更新指标数据，请刷新
automate turn 14 dropshipping orders best way,,20,,0.00,0.00,,要更新指标数据，请刷新
automated dropshipping business,,20,,5.81,0.99,,要更新指标数据，请刷新
automated dropshipping companies,,20,,0.00,0.57,,要更新指标数据，请刷新
automated dropshipping ebay,,20,,0.00,1.00,,要更新指标数据，请刷新
automated dropshipping reddit,,20,,0.00,0.33,,要更新指标数据，请刷新
automated dropshipping store,,20,,4.57,0.99,,要更新指标数据，请刷新
automated dropshipping website,,20,,3.77,0.71,,要更新指标数据，请刷新
automated ebay dropshipping,,20,,5.60,0.33,,要更新指标数据，请刷新
automatic dropshipping tools,,20,,0.00,0.86,,要更新指标数据，请刷新
automizely dropshipping,,20,,0.00,0.99,,要更新指标数据，请刷新
automotive dropshipping products,,20,,0.00,0.57,,要更新指标数据，请刷新
autopilot dropshipping,,20,,2.30,0.66,,要更新指标数据，请刷新
avasam dropshipping,,20,,0.00,0.33,,要更新指标数据，请刷新
avenue dropshipping,,20,,0.00,0.14,,要更新指标数据，请刷新
avenue shops dropshipping,,20,,3.00,0.13,,要更新指标数据，请刷新
average conversion rate for dropshipping stores,,20,,0.00,0.00,,要更新指标数据，请刷新
average dropshipping conversion rate,,20,,0.00,0.33,,要更新指标数据，请刷新
average dropshipping earnings 2024,,20,,0.00,0.00,,要更新指标数据，请刷新
average dropshipping income per month in usa,,20,,0.00,0.18,,要更新指标数据，请刷新
average dropshipping income per year,,20,,0.00,0.12,,要更新指标数据，请刷新
average dropshipping margins,,20,,0.00,0.33,,要更新指标数据，请刷新
average dropshipping profit,,20,,0.00,0.33,,要更新指标数据，请刷新
average dropshipping profit margin 2025,,20,,0.00,0.00,,要更新指标数据，请刷新
average dropshipping profit margins,,20,,0.00,0.00,,要更新指标数据，请刷新
average dropshipping profit margins 2025,,20,,0.00,0.00,,要更新指标数据，请刷新
average dropshipping revenue,,20,,0.00,0.33,,要更新指标数据，请刷新
average dropshipping salary,,20,,0.00,0.33,,要更新指标数据，请刷新
average income dropshipping,,20,,0.00,0.00,,要更新指标数据，请刷新
average income for dropshipping,,20,,0.00,0.33,,要更新指标数据，请刷新
average income from dropshipping,,20,,0.00,0.33,,要更新指标数据，请刷新
average income of dropshipping,,20,,0.00,0.33,,要更新指标数据，请刷新
average monthly income dropshipping,,20,,0.00,0.33,,要更新指标数据，请刷新
average order value dropshipping phone accessories,,20,,0.00,0.00,,要更新指标数据，请刷新
average order value dropshipping united states 2024,,20,,0.00,0.00,,要更新指标数据，请刷新
average order value phone accessories dropshipping,,20,,0.00,0.00,,要更新指标数据，请刷新
average profit from dropshipping,,20,,0.00,0.29,,要更新指标数据，请刷新
average profit margin for dropshipping,,20,,0.00,0.43,,要更新指标数据，请刷新
average profit margin for print on demand dropshipping,,20,,0.00,0.00,,要更新指标数据，请刷新
average profit margins in dropshipping 2024,,20,,0.00,0.00,,要更新指标数据，请刷新
average refund rate dropshipping,,20,,0.00,0.00,,要更新指标数据，请刷新
average salary dropshipping,,20,,0.00,0.05,,要更新指标数据，请刷新
average salary for dropshipping,,20,,0.00,0.33,,要更新指标数据，请刷新
average shopify dropshipping income,,20,,0.00,0.33,,要更新指标数据，请刷新
avocat dropshipping,,20,,0.00,0.00,,要更新指标数据，请刷新
aw dropshipping,,20,,2.14,0.66,,要更新指标数据，请刷新
aws dropshipping,,20,,0.00,0.29,,要更新指标数据，请刷新
azure green dropshipping,,20,,0.00,0.22,,要更新指标数据，请刷新
b2b dropshipping platform,,20,,0.00,0.00,,要更新指标数据，请刷新
b2b dropshipping suppliers,,20,,2.82,0.33,,要更新指标数据，请刷新
b2c dropshipping,,20,,0.00,0.99,,要更新指标数据，请刷新
baapstore dropshipping,,20,,0.00,0.12,,要更新指标数据，请刷新
baddie in business dropshipping,,20,,0.00,0.32,,要更新指标数据，请刷新
bamboo dropshipping,,20,,0.00,0.29,,要更新指标数据，请刷新
bamboo toothbrush dropshipping,,20,,0.00,0.43,,要更新指标数据，请刷新
banggood dropshipping center,,20,,0.00,0.00,,要更新指标数据，请刷新
banggood dropshipping program,,20,,0.00,0.99,,要更新指标数据，请刷新
banggood dropshipping reviews,,20,,0.00,0.36,,要更新指标数据，请刷新
bangladesh dropshipping,,20,,0.00,0.00,,要更新指标数据，请刷新
bangood dropshipping,,20,,0.00,0.00,,要更新指标数据，请刷新
bank account for dropshipping,,20,,0.00,0.86,,要更新指标数据，请刷新
barsin dropshipping,,20,,0.00,0.00,,要更新指标数据，请刷新
basics to dropshipping,,20,,0.00,0.00,,要更新指标数据，请刷新
bbc dropshipping reviews,,20,,0.00,0.33,,要更新指标数据，请刷新
bcn dropshipping,,20,,0.00,0.71,,要更新指标数据，请刷新
bd dropshipping,,20,,0.00,0.00,,要更新指标数据，请刷新
bd sklep dropshipping,,20,,0.00,0.00,,要更新指标数据，请刷新
bdroppy dropshipping,,20,,3.08,0.91,,要更新指标数据，请刷新
bdroppy fashion dropshipping,,20,,3.27,0.66,,要更新指标数据，请刷新
be wicked dropshipping,,20,,0.00,0.25,,要更新指标数据，请刷新
beard oil dropshipping,,20,,0.00,1.00,,要更新指标数据，请刷新
beauty big bang dropshipping,,20,,0.00,0.00,,要更新指标数据，请刷新
beauty dropshipping products,,20,,0.00,0.33,,要更新指标数据，请刷新
beauty dropshipping stores,,20,,0.00,0.86,,要更新指标数据，请刷新
beauty dropshipping website,,20,,0.00,0.00,,要更新指标数据，请刷新
beauty products for dropshipping,,20,,2.48,0.82,,要更新指标数据，请刷新
beauty supply dropshipping,,20,,2.63,0.95,,要更新指标数据，请刷新
beautyjoint dropshipping,,20,,2.09,0.79,,要更新指标数据，请刷新
beckett dropshipping,,20,,0.00,0.00,,要更新指标数据，请刷新
become a dropshipping supplier,,20,,3.23,0.61,,要更新指标数据，请刷新
become dropshipping supplier,,20,,0.00,1.00,,要更新指标数据，请刷新
bedding dropshipping,,20,,0.00,0.21,,要更新指标数据，请刷新
beginner dropshipping,,20,,3.85,0.96,,要更新指标数据，请刷新
beginner dropshipping guide 2026,,20,,0.00,0.00,,要更新指标数据，请刷新
beginners guide to dropshipping,,20,,2.53,0.69,,要更新指标数据，请刷新
beginners guide to dropshipping in 2025,,20,,2.92,0.57,,要更新指标数据，请刷新
bellewholesale dropshipping,,20,,2.93,0.77,,要更新指标数据，请刷新
benefits of dropshipping business,,20,,0.00,0.33,,要更新指标数据，请刷新
best 2025 dropshipping products,,20,,0.82,0.33,,要更新指标数据，请刷新
best accounting software for dropshipping,,20,,17.86,0.90,,要更新指标数据，请刷新
best ads for dropshipping,,20,,10.48,0.81,,要更新指标数据，请刷新
best ads to run for dropshipping,,20,,0.00,0.86,,要更新指标数据，请刷新
best aliexpress dropshipping apps,,20,,0.00,0.93,,要更新指标数据，请刷新
best aliexpress dropshipping products,,20,,1.47,0.88,,要更新指标数据，请刷新
best aliexpress products for dropshipping,,20,,1.21,0.79,,要更新指标数据，请刷新
best aliexpress suppliers for dropshipping,,20,,0.00,1.00,,要更新指标数据，请刷新
best amazon dropshipping products,,20,,1.75,0.76,,要更新指标数据，请刷新
best amazon dropshipping suppliers,,20,,2.78,0.66,,要更新指标数据，请刷新
best american dropshipping suppliers,,20,,2.36,0.89,,要更新指标数据，请刷新
best app to start dropshipping,,20,,5.33,0.94,,要更新指标数据，请刷新
best apps for dropshipping on shopify,,20,,5.18,0.99,,要更新指标数据，请刷新
best apps for dropshipping shopify,,20,,0.00,0.00,,要更新指标数据，请刷新
best apps for shopify dropshipping,,20,,4.71,0.99,,要更新指标数据，请刷新
best apps to do dropshipping,,20,,4.48,1.00,,要更新指标数据，请刷新
best apps to use for dropshipping,,20,,0.00,0.00,,要更新指标数据，请刷新
best automated dropshipping,,20,,0.00,0.66,,要更新指标数据，请刷新
best automated dropshipping software for ebay,,20,,0.00,0.00,,要更新指标数据，请刷新
best bank account for dropshipping,,20,,6.58,0.99,,要更新指标数据，请刷新
best bank for dropshipping,,20,,8.72,1.00,,要更新指标数据，请刷新
best beauty dropshipping suppliers,,20,,0.00,0.66,,要更新指标数据，请刷新
best beauty products for dropshipping,,20,,0.00,0.00,,要更新指标数据，请刷新
best book dropshipping,,20,,0.00,0.00,,要更新指标数据，请刷新
best books about dropshipping,,20,,0.00,0.00,,要更新指标数据，请刷新
best books for dropshipping,,20,,0.83,0.71,,要更新指标数据，请刷新
best books for ecommerce and dropshipping,,20,,0.00,0.33,,要更新指标数据，请刷新
best books on dropshipping,,20,,0.69,0.66,,要更新指标数据，请刷新
best books to learn about dropshipping,,20,,0.00,1.00,,要更新指标数据，请刷新
best books to learn dropshipping,,20,,0.00,0.43,,要更新指标数据，请刷新
best books to read for dropshipping,,20,,0.00,0.86,,要更新指标数据，请刷新
best branded dropshipping products,,20,,0.00,0.43,,要更新指标数据，请刷新
best business bank account for dropshipping,,20,,6.81,1.00,,要更新指标数据，请刷新
best business credit card for dropshipping,,20,,0.00,1.00,,要更新指标数据，请刷新
best business credit cards for dropshipping,,20,,0.00,0.71,,要更新指标数据，请刷新
best business for dropshipping,,20,,0.00,0.66,,要更新指标数据，请刷新
best business structure for dropshipping,,20,,0.00,0.00,,要更新指标数据，请刷新
best buy dropshipping,,20,,0.00,0.33,,要更新指标数据，请刷新
best categories for dropshipping,,20,,1.44,0.69,,要更新指标数据，请刷新
best categories for dropshipping 2025,,20,,0.00,0.00,,要更新指标数据，请刷新
best cbd dropshipping companies,,20,,0.00,0.33,,要更新指标数据，请刷新
best china suppliers for dropshipping,,20,,0.00,0.33,,要更新指标数据，请刷新
best chinese dropshipping suppliers,,20,,0.00,0.66,,要更新指标数据，请刷新
best chinese suppliers for dropshipping,,20,,0.00,0.71,,要更新指标数据，请刷新
best christmas dropshipping products,,20,,0.00,1.00,,要更新指标数据，请刷新
best cj dropshipping shipping method,,20,,0.00,0.14,,要更新指标数据，请刷新
best clothing suppliers for dropshipping,,20,,3.52,0.99,,要更新指标数据，请刷新
best company for dropshipping,,20,,2.46,0.99,,要更新指标数据，请刷新
best computers for dropshipping,,20,,2.36,0.89,,要更新指标数据，请刷新
best countries for dropshipping,,20,,0.00,0.33,,要更新指标数据，请刷新
best course for dropshipping,,20,,2.41,0.90,,要更新指标数据，请刷新
best credit card for dropshipping,,20,,12.12,0.92,,要更新指标数据，请刷新
best dealer dropshipping,,20,,1.81,0.83,,要更新指标数据，请刷新
best digital dropshipping products,,20,,0.00,0.86,,要更新指标数据，请刷新
best dog dropshipping products,,20,,0.00,0.43,,要更新指标数据，请刷新
best domain for dropshipping,,20,,0.00,0.71,,要更新指标数据，请刷新
best dropshipping 2025,,20,,0.00,0.57,,要更新指标数据，请刷新
best dropshipping ads,,20,,8.68,0.33,,要更新指标数据，请刷新
best dropshipping advice,,20,,0.00,0.14,,要更新指标数据，请刷新
best dropshipping agents,,20,,0.00,0.66,,要更新指标数据，请刷新
best dropshipping ai tools,,20,,0.00,0.33,,要更新指标数据，请刷新
best dropshipping app for shopify 2025,,20,,0.00,0.00,,要更新指标数据，请刷新
best dropshipping app shopify,,20,,2.38,0.31,,要更新指标数据，请刷新
best dropshipping apps for amazon,,20,,0.00,0.86,,要更新指标数据，请刷新
best dropshipping apps for shopify reddit,,20,,0.00,0.33,,要更新指标数据，请刷新
best dropshipping apps for shopify us suppliers 2025,,20,,0.00,0.00,,要更新指标数据，请刷新
best dropshipping apps on shopify,,20,,2.84,0.99,,要更新指标数据，请刷新
best dropshipping automation,,20,,0.00,0.33,,要更新指标数据，请刷新
best dropshipping automation tools,,20,,3.11,0.99,,要更新指标数据，请刷新
best dropshipping beauty products,,20,,0.00,0.86,,要更新指标数据，请刷新
best dropshipping books for beginners,,20,,0.48,0.93,,要更新指标数据，请刷新
best dropshipping brands,,20,,0.00,0.36,,要更新指标数据，请刷新
best dropshipping business,,20,,2.18,0.60,,要更新指标数据，请刷新
best dropshipping business ideas,,20,,1.46,0.54,,要更新指标数据，请刷新
best dropshipping business names,,20,,0.00,0.86,,要更新指标数据，请刷新
best dropshipping business to start,,20,,2.30,0.89,,要更新指标数据，请刷新
best dropshipping categories,,20,,1.21,0.62,,要更新指标数据，请刷新
best dropshipping categories niches 2025,,20,,0.00,0.00,,要更新指标数据，请刷新
best dropshipping companies for shopify,,20,,0.00,0.43,,要更新指标数据，请刷新
best dropshipping companies in usa,,20,,1.96,0.94,,要更新指标数据，请刷新
best dropshipping company,,20,,3.13,0.57,,要更新指标数据，请刷新
best dropshipping countries,,20,,0.00,0.33,,要更新指标数据，请刷新
best dropshipping course for beginners,,20,,2.80,0.66,,要更新指标数据，请刷新
best dropshipping course for beginners free,,20,,2.24,0.99,,要更新指标数据，请刷新
best dropshipping course free,,20,,0.00,0.96,,要更新指标数据，请刷新
best dropshipping course reddit,,20,,0.00,0.14,,要更新指标数据，请刷新
best dropshipping courses 2026,,20,,0.00,0.00,,要更新指标数据，请刷新
best dropshipping courses online,,20,,0.00,0.00,,要更新指标数据，请刷新
best dropshipping custom clothing suppliers,,20,,0.00,0.99,,要更新指标数据，请刷新
best dropshipping discord,,20,,0.00,0.33,,要更新指标数据，请刷新
best dropshipping discord server,,20,,0.00,0.33,,要更新指标数据，请刷新
best dropshipping discord server in the world,,20,,0.00,0.33,,要更新指标数据，请刷新
best dropshipping discords,,20,,0.00,0.36,,要更新指标数据，请刷新
best dropshipping distributors,,20,,0.00,0.99,,要更新指标数据，请刷新
best dropshipping dog products,,20,,0.00,0.50,,要更新指标数据，请刷新
best dropshipping ecommerce platform,,20,,3.05,0.71,,要更新指标数据，请刷新
best dropshipping examples,,20,,0.00,0.71,,要更新指标数据，请刷新
best dropshipping for art prints,,20,,1.55,0.99,,要更新指标数据，请刷新
best dropshipping for artists,,20,,0.00,0.00,,要更新指标数据，请刷新
best dropshipping for beginners,,20,,2.87,0.91,,要更新指标数据，请刷新
best dropshipping for clothing,,20,,2.59,0.82,,要更新指标数据，请刷新
best dropshipping for etsy,,20,,0.00,1.00,,要更新指标数据，请刷新
best dropshipping for photographers,,20,,2.00,0.14,,要更新指标数据，请刷新
best dropshipping forums,,20,,0.00,0.33,,要更新指标数据，请刷新
best dropshipping fulfillment companies,,20,,6.06,0.94,,要更新指标数据，请刷新
best dropshipping guide,,20,,0.00,0.00,,要更新指标数据，请刷新
best dropshipping hair vendors,,20,,0.00,0.00,,要更新指标数据，请刷新
best dropshipping ideas,,20,,1.28,0.59,,要更新指标数据，请刷新
best dropshipping ideas 2025,,20,,1.24,0.79,,要更新指标数据，请刷新
best dropshipping items 2025,,20,,0.00,0.66,,要更新指标数据，请刷新
best dropshipping items right now,,20,,1.81,0.69,,要更新指标数据，请刷新
best dropshipping items to sell,,20,,0.00,0.86,,要更新指标数据，请刷新
best dropshipping jewelry stores,,20,,0.00,0.00,,要更新指标数据，请刷新
best dropshipping manufacturers,,20,,0.00,0.00,,要更新指标数据，请刷新
best dropshipping margins,,20,,0.00,0.00,,要更新指标数据，请刷新
best dropshipping marketplaces,,20,,0.00,0.66,,要更新指标数据，请刷新
best dropshipping markets,,20,,0.00,0.86,,要更新指标数据，请刷新
best dropshipping mentor,,20,,2.62,0.86,,要更新指标数据，请刷新
best dropshipping mentors,,20,,3.26,0.66,,要更新指标数据，请刷新
best dropshipping method,,20,,3.03,0.80,,要更新指标数据，请刷新
best dropshipping methods,,20,,3.03,0.80,,要更新指标数据，请刷新
best dropshipping names,,20,,0.61,1.00,,要更新指标数据，请刷新
best dropshipping niches 2020,,20,,0.00,0.00,,要更新指标数据，请刷新
best dropshipping niches 2021,,20,,0.00,0.33,,要更新指标数据，请刷新
best dropshipping niches 2024 2025 passive automated,,20,,0.00,0.00,,要更新指标数据，请刷新
best dropshipping niches 2024 for passive automated low maintenance,,20,,0.00,0.00,,要更新指标数据，请刷新
best dropshipping niches 2024 for passive income automated low maintenance,,20,,0.00,0.00,,要更新指标数据，请刷新
best dropshipping niches 2024 low competition high demand,,20,,0.00,0.00,,要更新指标数据，请刷新
best dropshipping niches 2024 low maintenance passive automated,,20,,0.00,0.00,,要更新指标数据，请刷新
best dropshipping niches 2024 low returns passive automated,,20,,0.00,0.00,,要更新指标数据，请刷新
best dropshipping niches 2024 passive automated low maintenance low returns,,20,,0.00,0.00,,要更新指标数据，请刷新
best dropshipping niches 2024 profitable,,20,,0.00,0.00,,要更新指标数据，请刷新
best dropshipping niches 2024 reviews,,20,,0.00,0.00,,要更新指标数据，请刷新
best dropshipping niches 2024 shopify,,20,,0.00,0.00,,要更新指标数据，请刷新
best dropshipping niches 2025 passive automated,,20,,0.00,0.00,,要更新指标数据，请刷新
best dropshipping niches 2025 passive automated low maintenance,,20,,0.00,0.00,,要更新指标数据，请刷新
best dropshipping niches 2025 passive automated low returns,,20,,0.00,0.00,,要更新指标数据，请刷新
best dropshipping niches 2026 shopify,,20,,0.00,0.00,,要更新指标数据，请刷新
best dropshipping niches for passive automated business 2024,,20,,0.00,0.00,,要更新指标数据，请刷新
best dropshipping niches for passive automated income 2024,,20,,0.00,0.00,,要更新指标数据，请刷新
best dropshipping niches for passive automated low maintenance 2024,,20,,0.00,0.00,,要更新指标数据，请刷新
best dropshipping niches for passive income 2024 automated low maintenance,,20,,0.00,0.00,,要更新指标数据，请刷新
best dropshipping niches for passive income automated low maintenance 2024,,20,,0.00,0.00,,要更新指标数据，请刷新
best dropshipping niches reddit,,20,,0.00,0.10,,要更新指标数据，请刷新
best dropshipping niches uk 2026,,20,,0.00,0.00,,要更新指标数据，请刷新
best dropshipping online stores,,20,,0.00,0.00,,要更新指标数据，请刷新
best dropshipping pet products,,20,,0.00,0.33,,要更新指标数据，请刷新
best dropshipping pet products 2025,,20,,0.00,0.00,,要更新指标数据，请刷新
best dropshipping platform in usa,,20,,3.59,0.00,,要更新指标数据，请刷新
best dropshipping platforms 2025,,20,,0.00,0.00,,要更新指标数据，请刷新
best dropshipping youtubers reddit,,20,,0.00,0.33,,要更新指标数据，请刷新
best ebay dropshipping course,,20,,0.00,0.33,,要更新指标数据，请刷新
best ebay dropshipping items,,20,,0.00,0.00,,要更新指标数据，请刷新
best ebay dropshipping products,,20,,0.00,0.71,,要更新指标数据，请刷新
best ebay dropshipping software,,20,,5.36,0.99,,要更新指标数据，请刷新
best ebay dropshipping suppliers,,20,,2.72,0.84,,要更新指标数据，请刷新
best ebay dropshipping tools,,20,,0.00,0.71,,要更新指标数据，请刷新
best ebay to amazon dropshipping software,,20,,0.00,0.00,,要更新指标数据，请刷新
best ecommerce dropshipping course,,20,,0.00,0.71,,要更新指标数据，请刷新
best ecommerce for dropshipping,,20,,0.00,0.99,,要更新指标数据，请刷新
best ecommerce software for dropshipping 2025,,20,,0.00,0.00,,要更新指标数据，请刷新
best ecommerce website for dropshipping,,20,,0.00,0.99,,要更新指标数据，请刷新
best electronic dropshipping products,,20,,0.00,0.66,,要更新指标数据，请刷新
best etsy dropshipping suppliers,,20,,0.00,0.93,,要更新指标数据，请刷新
best eu dropshipping suppliers,,20,,0.00,0.00,,要更新指标数据，请刷新
best european dropshipping suppliers,,20,,0.00,0.00,,要更新指标数据，请刷新
best evergreen dropshipping niches 2024 passive automated,,20,,0.00,0.00,,要更新指标数据，请刷新
best evergreen niches for passive automated dropshipping 2024,,20,,0.00,0.00,,要更新指标数据，请刷新
best examples of dropshipping stores,,20,,0.00,0.86,,要更新指标数据，请刷新
best fashion dropshipping suppliers,,20,,3.20,0.99,,要更新指标数据，请刷新
best fast shipping dropshipping suppliers,,20,,0.00,0.00,,要更新指标数据，请刷新
best fitness dropshipping products,,20,,0.00,1.00,,要更新指标数据，请刷新
best fitness dropshipping suppliers,,20,,2.55,0.57,,要更新指标数据，请刷新
best for dropshipping,,20,,2.15,0.33,,要更新指标数据，请刷新
best free ai tools for dropshipping,,20,,0.00,1.00,,要更新指标数据，请刷新
best free dropshipping,,20,,2.58,0.71,,要更新指标数据，请刷新
best free dropshipping apps,,20,,4.66,0.99,,要更新指标数据，请刷新
best free dropshipping apps for shopify,,20,,3.32,0.99,,要更新指标数据，请刷新
best free dropshipping course,,20,,1.54,0.89,,要更新指标数据，请刷新
best free dropshipping platform,,20,,3.24,0.90,,要更新指标数据，请刷新
best free dropshipping sites,,20,,5.36,0.99,,要更新指标数据，请刷新
best free dropshipping suppliers for shopify,,20,,3.41,0.82,,要更新指标数据，请刷新
best free dropshipping suppliers usa,,20,,2.41,0.69,,要更新指标数据，请刷新
best free dropshipping tools,,20,,0.00,0.33,,要更新指标数据，请刷新
best free dropshipping website builder,,20,,4.57,0.99,,要更新指标数据，请刷新
best free dropshipping websites,,20,,5.88,0.66,,要更新指标数据，请刷新
best free shopify apps for dropshipping,,20,,5.28,0.66,,要更新指标数据，请刷新
best free shopify dropshipping apps,,20,,3.13,0.66,,要更新指标数据，请刷新
best free shopify dropshipping apps 2025,,20,,0.00,0.00,,要更新指标数据，请刷新
best free shopify theme for dropshipping,,20,,2.67,0.99,,要更新指标数据，请刷新
best free shopify themes for dropshipping,,20,,0.00,0.33,,要更新指标数据，请刷新
best free suppliers for dropshipping,,20,,2.60,0.66,,要更新指标数据，请刷新
best free theme for shopify dropshipping,,20,,0.00,0.33,,要更新指标数据，请刷新
best free website builder for dropshipping,,20,,0.00,1.00,,要更新指标数据，请刷新
best free website for dropshipping,,20,,0.00,0.00,,要更新指标数据，请刷新
best fulfillment apps for dropshipping,,20,,0.00,0.86,,要更新指标数据，请刷新
best fulfillment companies for dropshipping,,20,,0.00,0.33,,要更新指标数据，请刷新
best halloween dropshipping products,,20,,0.00,0.29,,要更新指标数据，请刷新
best high margin lightweight dropshipping products 2024,,20,,0.00,0.00,,要更新指标数据，请刷新
best high ticket dropshipping course,,20,,0.00,0.71,,要更新指标数据，请刷新
best home decor dropshipping products,,20,,0.00,1.00,,要更新指标数据，请刷新
best home decor dropshipping suppliers,,20,,2.09,0.99,,要更新指标数据，请刷新
best hosting for dropshipping,,20,,0.00,0.25,,要更新指标数据，请刷新
best ideas for dropshipping,,20,,0.65,0.63,,要更新指标数据，请刷新
best items for dropshipping,,20,,1.46,0.55,,要更新指标数据，请刷新
best items for dropshipping 2025,,20,,1.54,0.66,,要更新指标数据，请刷新
best items to sell dropshipping,,20,,1.79,0.70,,要更新指标数据，请刷新
best items to sell for dropshipping,,20,,1.84,0.91,,要更新指标数据，请刷新
best items to sell on dropshipping,,20,,0.00,0.90,,要更新指标数据，请刷新
best items to start dropshipping,,20,,1.71,0.20,,要更新指标数据，请刷新
best jewelry dropshipping suppliers,,20,,1.80,0.99,,要更新指标数据，请刷新
best laptop for dropshipping business,,20,,0.00,0.66,,要更新指标数据，请刷新
best llc for dropshipping,,20,,0.00,1.00,,要更新指标数据，请刷新
best macbook for dropshipping,,20,,0.00,1.00,,要更新指标数据，请刷新
best manufacturers for dropshipping,,20,,3.14,0.81,,要更新指标数据，请刷新
best marketing for dropshipping,,20,,7.91,1.00,,要更新指标数据，请刷新
best marketing strategies for dropshipping,,20,,0.00,0.33,,要更新指标数据，请刷新
best marketplaces for dropshipping,,20,,5.59,0.66,,要更新指标数据，请刷新
best markets for dropshipping,,20,,0.00,1.00,,要更新指标数据，请刷新
best names for dropshipping business,,20,,0.00,0.99,,要更新指标数据，请刷新
best names for dropshipping store,,20,,0.00,0.43,,要更新指标数据，请刷新
best niche dropshipping,,20,,0.00,0.81,,要更新指标数据，请刷新
best niche for dropshipping 2025,,20,,1.38,0.33,,要更新指标数据，请刷新
best niche for dropshipping in usa,,20,,1.65,0.57,,要更新指标数据，请刷新
best niche ideas for dropshipping,,20,,0.00,0.79,,要更新指标数据，请刷新
best niche markets for dropshipping,,20,,0.00,0.57,,要更新指标数据，请刷新
best niche products for dropshipping,,20,,1.70,0.00,,要更新指标数据，请刷新
best niche to start dropshipping,,20,,0.00,0.71,,要更新指标数据，请刷新
best niches for automated passive dropshipping 2024,,20,,0.00,0.00,,要更新指标数据，请刷新
best niches for branded dropshipping 2024,,20,,0.00,0.00,,要更新指标数据，请刷新
best niches for dropshipping 2020,,20,,0.00,0.00,,要更新指标数据，请刷新
best niches for dropshipping 2024,,20,,0.00,0.00,,要更新指标数据，请刷新
best niches for shopify dropshipping,,20,,0.00,0.00,,要更新指标数据，请刷新
best one product dropshipping stores,,20,,0.00,0.00,,要更新指标数据，请刷新
best online dropshipping stores,,20,,3.15,0.81,,要更新指标数据，请刷新
best online store for dropshipping,,20,,0.00,0.99,,要更新指标数据，请刷新
best order fulfillment dropshipping,,20,,0.00,1.00,,要更新指标数据，请刷新
best passive automated dropshipping niches 2024 2025,,20,,0.00,0.00,,要更新指标数据，请刷新
best passive automated dropshipping niches 2024 low maintenance low returns,,20,,0.00,0.00,,要更新指标数据，请刷新
best passive automated dropshipping niches 2025,,20,,0.00,0.00,,要更新指标数据，请刷新
best passive dropshipping niches 2024 automated,,20,,0.00,0.00,,要更新指标数据，请刷新
best passive dropshipping niches 2024 automated low maintenance,,20,,0.00,0.00,,要更新指标数据，请刷新
best passive dropshipping niches 2024 low maintenance automated,,20,,0.00,0.00,,要更新指标数据，请刷新
best payment gateway for dropshipping,,20,,0.00,0.33,,要更新指标数据，请刷新
best payment gateway for shopify dropshipping,,20,,9.87,0.99,,要更新指标数据，请刷新
best payment method for dropshipping,,20,,0.00,0.00,,要更新指标数据，请刷新
best payment processor for dropshipping,,20,,7.20,0.99,,要更新指标数据，请刷新
best performing dropshipping products,,20,,0.00,1.00,,要更新指标数据，请刷新
best pet dropshipping products,,20,,0.93,0.99,,要更新指标数据，请刷新
best pet dropshipping products 2025,,20,,0.00,0.00,,要更新指标数据，请刷新
best supplier websites for dropshipping,,20,,2.35,1.00,,要更新指标数据，请刷新
best suppliers dropshipping,,20,,0.00,0.86,,要更新指标数据，请刷新
best suppliers for amazon dropshipping,,20,,2.24,0.66,,要更新指标数据，请刷新
best suppliers for dropshipping in usa,,20,,2.47,0.66,,要更新指标数据，请刷新
best suppliers for dropshipping on amazon,,20,,0.00,0.43,,要更新指标数据，请刷新
best suppliers for ebay dropshipping,,20,,3.27,0.67,,要更新指标数据，请刷新
best suppliers for ebay dropshipping in usa,,20,,0.00,0.67,,要更新指标数据，请刷新
best suppliers for shopify dropshipping,,20,,2.77,0.48,,要更新指标数据，请刷新
best suppliers to use for dropshipping,,20,,3.31,1.00,,要更新指标数据，请刷新
best t shirt dropshipping,,20,,2.78,0.71,,要更新指标数据，请刷新
best t shirt dropshipping companies,,20,,2.78,0.99,,要更新指标数据，请刷新
best t shirt dropshipping suppliers,,20,,4.18,0.66,,要更新指标数据，请刷新
best tech dropshipping products,,20,,0.00,0.00,,要更新指标数据，请刷新
best theme for dropshipping,,20,,0.00,0.00,,要更新指标数据，请刷新
best theme for dropshipping shopify,,20,,0.00,0.66,,要更新指标数据，请刷新
best theme for shopify dropshipping,,20,,0.00,0.99,,要更新指标数据，请刷新
best things for dropshipping,,20,,0.00,0.43,,要更新指标数据，请刷新
best things to buy for dropshipping,,20,,0.00,0.36,,要更新指标数据，请刷新
best things to sell dropshipping,,20,,2.08,0.90,,要更新指标数据，请刷新
best things to sell for dropshipping,,20,,1.91,0.86,,要更新指标数据，请刷新
best things to sell on dropshipping,,20,,1.65,0.57,,要更新指标数据，请刷新
best things to sell on shopify dropshipping,,20,,1.66,0.57,,要更新指标数据，请刷新
best things to sell when dropshipping,,20,,0.00,0.86,,要更新指标数据，请刷新
best things to start dropshipping,,20,,0.00,0.64,,要更新指标数据，请刷新
best tiktok dropshipping products,,20,,0.00,0.99,,要更新指标数据，请刷新
best tips for dropshipping,,20,,2.00,0.95,,要更新指标数据，请刷新
best tools for dropshipping,,20,,5.05,0.97,,要更新指标数据，请刷新
best tools for dropshipping product research,,20,,0.00,0.00,,要更新指标数据，请刷新
best trending dropshipping products,,20,,0.00,0.43,,要更新指标数据，请刷新
best trending products for dropshipping,,20,,2.54,0.88,,要更新指标数据，请刷新
best type of dropshipping store,,20,,0.00,0.96,,要更新指标数据，请刷新
best uk dropshipping suppliers,,20,,0.00,0.00,,要更新指标数据，请刷新
best us based dropshipping suppliers,,20,,2.60,0.66,,要更新指标数据，请刷新
best us dropshipping companies,,20,,0.00,1.00,,要更新指标数据，请刷新
best us dropshipping suppliers for shopify,,20,,2.62,0.99,,要更新指标数据，请刷新
best us dropshipping suppliers reddit,,20,,0.00,0.43,,要更新指标数据，请刷新
best us suppliers for dropshipping,,20,,3.06,0.66,,要更新指标数据，请刷新
best usa dropshipping suppliers,,20,,2.42,0.66,,要更新指标数据，请刷新
best usa suppliers for dropshipping,,20,,2.71,1.00,,要更新指标数据，请刷新
best vendors for dropshipping,,20,,2.86,0.99,,要更新指标数据，请刷新
best way to advertise dropshipping store,,20,,10.33,0.75,,要更新指标数据，请刷新
best way to advertise for dropshipping,,20,,0.00,0.62,,要更新指标数据，请刷新
best way to advertise your dropshipping business,,20,,8.96,0.71,,要更新指标数据，请刷新
best way to do dropshipping,,20,,3.40,0.97,,要更新指标数据，请刷新
best way to find dropshipping products,,20,,4.17,0.66,,要更新指标数据，请刷新
best way to find products for dropshipping,,20,,2.65,0.99,,要更新指标数据，请刷新
best way to find winning products for dropshipping,,20,,3.98,0.75,,要更新指标数据，请刷新
best way to get into dropshipping,,20,,3.15,0.70,,要更新指标数据，请刷新
best way to learn dropshipping,,20,,3.10,0.37,,要更新指标数据，请刷新
best way to make money dropshipping,,20,,1.25,0.66,,要更新指标数据，请刷新
best way to market dropshipping store,,20,,5.70,0.93,,要更新指标数据，请刷新
best way to market your dropshipping store,,20,,0.00,0.29,,要更新指标数据，请刷新
best way to promote dropshipping store,,20,,0.00,0.76,,要更新指标数据，请刷新
best way to run ads for dropshipping,,20,,0.00,0.93,,要更新指标数据，请刷新
best way to start a dropshipping business,,20,,3.59,0.75,,要更新指标数据，请刷新
best way to start dropshipping business,,20,,7.03,0.66,,要更新指标数据，请刷新
best way to start dropshipping in 2025,,20,,3.08,0.65,,要更新指标数据，请刷新
best way to start dropshipping reddit,,20,,0.00,1.00,,要更新指标数据，请刷新
best ways to advertise dropshipping,,20,,6.59,0.00,,要更新指标数据，请刷新
best website builders for dropshipping,,20,,11.19,0.99,,要更新指标数据，请刷新
best website to start dropshipping,,20,,5.56,0.86,,要更新指标数据，请刷新
best websites for dropshipping products,,20,,3.79,0.99,,要更新指标数据，请刷新
best websites to buy products for dropshipping,,20,,0.00,0.36,,要更新指标数据，请刷新
best websites to find dropshipping products,,20,,2.57,0.99,,要更新指标数据，请刷新
best websites to find products for dropshipping,,20,,3.06,0.98,,要更新指标数据，请刷新
best websites to use for dropshipping,,20,,3.20,1.00,,要更新指标数据，请刷新
best white label dropshipping suppliers,,20,,0.00,0.00,,要更新指标数据，请刷新
best wholesale suppliers for dropshipping,,20,,2.57,0.66,,要更新指标数据，请刷新
best wholesalers for dropshipping,,20,,3.50,0.99,,要更新指标数据，请刷新
best winning products for dropshipping 2025,,20,,2.61,0.68,,要更新指标数据，请刷新
best winter dropshipping products,,20,,0.00,0.33,,要更新指标数据，请刷新
best woocommerce dropshipping plugin,,20,,1.55,0.86,,要更新指标数据，请刷新
best woocommerce dropshipping plugins,,20,,3.48,0.99,,要更新指标数据，请刷新
best wordpress dropshipping plugin,,20,,0.00,0.00,,要更新指标数据，请刷新
better than dropshipping,,20,,1.80,0.43,,要更新指标数据，请刷新
beverage dropshipping,,20,,0.00,0.29,,要更新指标数据，请刷新
biaheza dropshipping,,20,,0.00,0.03,,要更新指标数据，请刷新
biaheza dropshipping course,,20,,2.60,0.21,,要更新指标数据，请刷新
biaheza dropshipping course free,,20,,0.00,0.33,,要更新指标数据，请刷新
biaheza dropshipping course review,,20,,0.00,0.33,,要更新指标数据，请刷新
biaheza full dropshipping course,,20,,0.00,0.33,,要更新指标数据，请刷新
biaheza's dropshipping course,,20,,2.50,0.21,,要更新指标数据，请刷新
bicycle dropshipping,,20,,0.00,0.19,,要更新指标数据，请刷新
bicycle dropshipping suppliers usa,,20,,0.00,0.33,,要更新指标数据，请刷新
bidet dropshipping,,20,,0.00,0.90,,要更新指标数据，请刷新
big cartel dropshipping,,20,,4.13,0.36,,要更新指标数据，请刷新
big ticket dropshipping,,20,,0.00,0.00,,要更新指标数据，请刷新
bigbuy dropshipping,,20,,3.00,0.66,,要更新指标数据，请刷新
bigbuy dropshipping review,,20,,0.00,0.33,,要更新指标数据，请刷新
bigcommerce and dropshipping,,20,,4.12,0.43,,要更新指标数据，请刷新
biggest dropshipping brands,,20,,0.00,0.17,,要更新指标数据，请刷新
biggest dropshipping products,,20,,0.00,0.45,,要更新指标数据，请刷新
biggest dropshipping stores,,20,,2.10,0.33,,要更新指标数据，请刷新
biggest dropshipping suppliers,,20,,0.00,0.89,,要更新指标数据，请刷新
biggest dropshipping websites,,20,,2.07,0.33,,要更新指标数据，请刷新
biggest shopify dropshipping stores,,20,,0.00,0.00,,要更新指标数据，请刷新
bigole kids dropshipping,,20,,0.00,0.00,,要更新指标数据，请刷新
bikini dropshipping,,20,,2.45,0.99,,要更新指标数据，请刷新
bio dropshipping,,20,,0.00,0.00,,要更新指标数据，请刷新
black hat dropshipping,,20,,0.00,0.02,,要更新指标数据，请刷新
black owned dropshipping companies,,20,,0.00,0.05,,要更新指标数据，请刷新
black owned dropshipping suppliers,,20,,2.31,0.40,,要更新指标数据，请刷新
blackhat dropshipping,,20,,0.00,0.33,,要更新指标数据，请刷新
blackhatworld dropshipping,,20,,0.00,0.33,,要更新指标数据，请刷新
blanka dropshipping reviews,,20,,0.00,0.19,,要更新指标数据，请刷新
blendjet dropshipping,,20,,0.00,0.00,,要更新指标数据，请刷新
blessed bean coffee dropshipping,,20,,2.33,0.66,,要更新指标数据，请刷新
blind dropshipping,,20,,0.00,0.33,,要更新指标数据，请刷新
blind dropshipping meaning,,20,,0.00,0.21,,要更新指标数据，请刷新
blind dropshipping suppliers,,20,,0.00,1.00,,要更新指标数据，请刷新
blog dropshipping,,20,,1.56,0.33,,要更新指标数据，请刷新
bloom dropshipping reviews,,20,,0.00,0.00,,要更新指标数据，请刷新
bloom wholesale dropshipping,,20,,0.00,0.14,,要更新指标数据，请刷新
blue light glasses dropshipping,,20,,0.00,0.86,,要更新指标数据，请刷新
bluecart dropshipping,,20,,0.00,0.45,,要更新指标数据，请刷新
blueprint dropshipping,,20,,0.00,0.00,,要更新指标数据，请刷新
board game dropshipping,,20,,0.00,0.33,,要更新指标数据，请刷新
boat dropshipping,,20,,0.00,0.00,,要更新指标数据，请刷新
bodybuilding supplements dropshipping,,20,,0.00,0.33,,要更新指标数据，请刷新
bonanza dropshipping,,20,,2.47,1.00,,要更新指标数据，请刷新
bondi beach tea co private label dropshipping,,20,,0.00,0.00,,要更新指标数据，请刷新
bongs dropshipping,,20,,0.00,0.33,,要更新指标数据，请刷新
boohoo dropshipping,,20,,0.00,0.00,,要更新指标数据，请刷新
boohooman dropshipping,,20,,0.00,0.33,,要更新指标数据，请刷新
book supplier dropshipping,,20,,0.00,0.00,,要更新指标数据，请刷新
bookkeeping for dropshipping,,20,,0.00,0.33,,要更新指标数据，请刷新
books dropshipping suppliers,,20,,2.63,0.44,,要更新指标数据，请刷新
books for dropshipping,,20,,0.00,1.00,,要更新指标数据，请刷新
born pretty dropshipping,,20,,0.00,0.57,,要更新指标数据，请刷新
boutique dropshipping suppliers,,20,,2.84,0.99,,要更新指标数据，请刷新
boutique tree dropshipping,,20,,0.00,0.07,,要更新指标数据，请刷新
bracelet dropshipping,,20,,2.06,0.88,,要更新指标数据，请刷新
brand clothing dropshipping,,20,,2.32,0.43,,要更新指标数据，请刷新
brand distribution dropshipping,,20,,0.00,0.33,,要更新指标数据，请刷新
brand name dropshipping suppliers,,20,,1.75,0.00,,要更新指标数据，请刷新
brandafy dropshipping,,20,,0.00,0.50,,要更新指标数据，请刷新
branded dropshipping 2024 profitability,,20,,0.00,0.00,,要更新指标数据，请刷新
branded dropshipping course,,20,,2.51,0.88,,要更新指标数据，请刷新
branded dropshipping definition,,20,,0.00,0.33,,要更新指标数据，请刷新
branded dropshipping examples,,20,,1.45,0.66,,要更新指标数据，请刷新
branded dropshipping meaning,,20,,0.00,0.48,,要更新指标数据，请刷新
branded dropshipping products,,20,,1.72,0.66,,要更新指标数据，请刷新
branded dropshipping reddit,,20,,0.00,0.01,,要更新指标数据，请刷新
branded dropshipping stores,,20,,2.53,0.33,,要更新指标数据，请刷新
branded dropshipping supplier template,,20,,0.00,0.00,,要更新指标数据，请刷新
branded dropshipping vs dropshipping,,20,,0.91,0.33,,要更新指标数据，请刷新
branded products dropshipping,,20,,0.00,0.33,,要更新指标数据，请刷新
brandify dropshipping,,20,,0.00,0.07,,要更新指标数据，请刷新
brandify dropshipping reviews,,20,,0.00,0.00,,要更新指标数据，请刷新
branding dropshipping products,,20,,2.75,0.62,,要更新指标数据，请刷新
brandon nguyen dropshipping,,20,,0.00,0.00,,要更新指标数据，请刷新
brands that started as dropshipping,,20,,0.00,0.04,,要更新指标数据，请刷新
brandsdistribution dropshipping,,20,,0.00,0.33,,要更新指标数据，请刷新
brandsgateway dropshipping reviews,,20,,0.00,0.07,,要更新指标数据，请刷新
break even roas calculator dropshipping,,20,,0.00,0.07,,要更新指标数据，请刷新
brook hiddink high ticket dropshipping,,20,,0.00,0.25,,要更新指标数据，请刷新
browse dropshipping products,,20,,2.10,1.00,,要更新指标数据，请刷新
brybelly dropshipping,,20,,0.00,0.33,,要更新指标数据，请刷新
bs dropshipping,,20,,4.44,0.33,,要更新指标数据，请刷新
budget to start dropshipping,,20,,0.00,0.00,,要更新指标数据，请刷新
build a dropshipping empire from scratch,,20,,0.00,0.00,,要更新指标数据，请刷新
build a dropshipping store,,20,,5.73,0.93,,要更新指标数据，请刷新
build a dropshipping store with ai,,20,,8.31,0.99,,要更新指标数据，请刷新
build a shopify dropshipping business from scratch,,20,,0.00,0.99,,要更新指标数据，请刷新
build a website for dropshipping,,20,,0.00,0.76,,要更新指标数据，请刷新
build dropshipping store,,20,,6.02,0.64,,要更新指标数据，请刷新
build my dropshipping store,,20,,8.27,0.86,,要更新指标数据，请刷新
build shopify dropshipping store,,20,,0.00,0.62,,要更新指标数据，请刷新
building a dropshipping business,,20,,2.76,0.86,,要更新指标数据，请刷新
building a successful dropshipping business,,20,,0.00,0.00,,要更新指标数据，请刷新
building a team for high ticket dropshipping,,20,,0.00,0.00,,要更新指标数据，请刷新
bulk apothecary dropshipping,,20,,0.00,0.38,,要更新指标数据，请刷新
bulk dropshipping,,20,,0.00,0.99,,要更新指标数据，请刷新
business address for dropshipping,,20,,7.20,0.93,,要更新指标数据，请刷新
business address shopify dropshipping,,20,,0.00,0.00,,要更新指标数据，请刷新
business bank account for dropshipping,,20,,0.00,0.33,,要更新指标数据，请刷新
business category for dropshipping,,20,,0.00,0.14,,要更新指标数据，请刷新
business ideas dropshipping,,20,,0.00,0.33,,要更新指标数据，请刷新
business ideas like dropshipping,,20,,0.00,0.21,,要更新指标数据，请刷新
business insurance for dropshipping,,20,,0.00,0.67,,要更新指标数据，请刷新
business like dropshipping,,20,,1.10,0.40,,要更新指标数据，请刷新
business model dropshipping,,20,,0.00,0.33,,要更新指标数据，请刷新
business models like dropshipping,,20,,0.00,0.14,,要更新指标数据，请刷新
business name ideas for dropshipping,,20,,0.00,0.00,,要更新指标数据，请刷新
business names for dropshipping,,20,,1.76,0.82,,要更新指标数据，请刷新
buy a shopify dropshipping store,,20,,0.00,0.99,,要更新指标数据，请刷新
buy a successful dropshipping business,,20,,2.11,0.57,,要更新指标数据，请刷新
buy amazon dropshipping store,,20,,0.00,0.99,,要更新指标数据，请刷新
buy dropshipping,,20,,1.93,0.99,,要更新指标数据，请刷新
buy dropshipping company,,20,,0.00,1.00,,要更新指标数据，请刷新
buy dropshipping products,,20,,0.00,0.90,,要更新指标数据，请刷新
buy dropshipping site,,20,,0.00,0.00,,要更新指标数据，请刷新
buy dropshipping sites,,20,,0.00,0.00,,要更新指标数据，请刷新
buy dropshipping website,,20,,2.21,0.66,,要更新指标数据，请刷新
buy existing dropshipping business,,20,,0.00,0.96,,要更新指标数据，请刷新
buy pre built dropshipping business,,20,,2.17,1.00,,要更新指标数据，请刷新
buy prebuilt dropshipping store,,20,,0.00,0.99,,要更新指标数据，请刷新
buy premade dropshipping store,,20,,0.00,0.99,,要更新指标数据，请刷新
buy premade dropshipping stores,,20,,0.00,0.99,,要更新指标数据，请刷新
buy profitable dropshipping store,,20,,1.90,0.00,,要更新指标数据，请刷新
buy shopify dropshipping store,,20,,1.83,0.93,,要更新指标数据，请刷新
buy shopify dropshipping stores,,20,,0.00,0.33,,要更新指标数据，请刷新
buy shopify store dropshipping,,20,,3.52,0.99,,要更新指标数据，请刷新
buy2bee dropshipping,,20,,3.22,0.63,,要更新指标数据，请刷新
buying a dropshipping business,,20,,2.27,0.99,,要更新指标数据，请刷新
buying a dropshipping store reddit,,20,,0.00,0.29,,要更新指标数据，请刷新
buying dropshipping stores reddit,,20,,0.00,0.43,,要更新指标数据，请刷新
c'est quoi dropshipping,,20,,0.00,0.57,,要更新指标数据，请刷新
c'est quoi le dropshipping,,20,,0.00,0.26,,要更新指标数据，请刷新
caitlynminimalist dropshipping,,20,,0.00,0.33,,要更新指标数据，请刷新
calendar dropshipping,,20,,2.51,1.00,,要更新指标数据，请刷新
camera dropshipping,,20,,0.00,0.05,,要更新指标数据，请刷新
cameron howard dropshipping,,20,,0.00,0.13,,要更新指标数据，请刷新
camping dropshipping,,20,,2.70,0.13,,要更新指标数据，请刷新
camping gear dropshipping,,20,,2.18,0.72,,要更新指标数据，请刷新
can anyone do dropshipping,,20,,1.54,0.59,,要更新指标数据，请刷新
can anyone start dropshipping,,20,,0.00,0.86,,要更新指标数据，请刷新
can dropshipping be a full time job,,20,,0.00,0.10,,要更新指标数据，请刷新
can dropshipping be a side hustle,,20,,0.00,0.33,,要更新指标数据，请刷新
can dropshipping be profitable,,20,,0.00,0.66,,要更新指标数据，请刷新
can dropshipping be successful,,20,,1.17,0.32,,要更新指标数据，请刷新
can dropshipping make you a billionaire,,20,,0.00,0.04,,要更新指标数据，请刷新
can dropshipping make you a millionaire,,20,,0.00,0.24,,要更新指标数据，请刷新
can dropshipping really work,,20,,0.00,0.00,,要更新指标数据，请刷新
can dropshipping video ads,,20,,0.00,0.33,,要更新指标数据，请刷新
can f1 students do dropshipping,,20,,0.00,0.33,,要更新指标数据，请刷新
can i actually make money dropshipping,,20,,0.45,0.52,,要更新指标数据，请刷新
can i become millionaire by dropshipping,,20,,0.00,0.14,,要更新指标数据，请刷新
can i do dropshipping as an international student,,20,,0.00,0.33,,要更新指标数据，请刷新
can i do dropshipping at 16,,20,,0.00,0.18,,要更新指标数据，请刷新
can i do dropshipping on alibaba,,20,,0.00,0.00,,要更新指标数据，请刷新
can i do dropshipping on ebay,,20,,1.82,0.48,,要更新指标数据，请刷新
can i do dropshipping on etsy,,20,,2.00,0.55,,要更新指标数据，请刷新
can i do dropshipping on my phone,,20,,4.99,0.66,,要更新指标数据，请刷新
can i do dropshipping on temu,,20,,0.00,0.57,,要更新指标数据，请刷新
can i do dropshipping on tiktok shop,,20,,2.57,0.46,,要更新指标数据，请刷新
can i do dropshipping with aliexpress,,20,,0.00,0.86,,要更新指标数据，请刷新
can i do dropshipping with amazon,,20,,0.00,0.00,,要更新指标数据，请刷新
can i do dropshipping with temu,,20,,0.00,0.65,,要更新指标数据，请刷新
can i do dropshipping without investment,,20,,0.00,0.00,,要更新指标数据，请刷新
can i get rich from dropshipping,,20,,0.00,0.29,,要更新指标数据，请刷新
can i get sued for dropshipping,,20,,0.00,0.33,,要更新指标数据，请刷新
can i make 10k a month dropshipping,,20,,0.00,0.07,,要更新指标数据，请刷新
can i make money dropshipping on amazon,,20,,1.14,0.76,,要更新指标数据，请刷新
can i make money from dropshipping,,20,,1.76,0.49,,要更新指标数据，请刷新
can i really make money dropshipping,,20,,0.00,0.60,,要更新指标数据，请刷新
can i really make money with dropshipping,,20,,0.00,0.33,,要更新指标数据，请刷新
can i sell dropshipping products on amazon,,20,,2.49,0.90,,要更新指标数据，请刷新
can i start a dropshipping business at 16,,20,,0.00,0.52,,要更新指标数据，请刷新
can i start a dropshipping business with no money,,20,,2.68,0.91,,要更新指标数据，请刷新
can i start dropshipping at 13,,20,,0.00,0.20,,要更新指标数据，请刷新
can i start dropshipping at 14,,20,,3.20,0.33,,要更新指标数据，请刷新
can i start dropshipping at 15,,20,,3.06,0.33,,要更新指标数据，请刷新
can i start dropshipping at 16,,20,,3.32,0.33,,要更新指标数据，请刷新
can i start dropshipping at 17,,20,,2.22,0.18,,要更新指标数据，请刷新
can i start dropshipping for free,,20,,4.91,0.66,,要更新指标数据，请刷新
can i start dropshipping with phone,,20,,3.44,0.43,,要更新指标数据，请刷新
can i start shopify dropshipping with no money,,20,,0.00,0.52,,要更新指标数据，请刷新
can i use alibaba for dropshipping,,20,,2.26,0.65,,要更新指标数据，请刷新
can i use aliexpress for dropshipping,,20,,2.35,0.66,,要更新指标数据，请刷新
can i use aliexpress photos for dropshipping,,20,,0.00,0.07,,要更新指标数据，请刷新
can i use amazon as a dropshipping supplier,,20,,3.09,0.86,,要更新指标数据，请刷新
can i use amazon as a supplier for dropshipping,,20,,0.00,0.54,,要更新指标数据，请刷新
can i use amazon for dropshipping,,20,,2.31,0.66,,要更新指标数据，请刷新
can i use cj dropshipping on amazon,,20,,0.00,0.33,,要更新指标数据，请刷新
can i use paypal for dropshipping,,20,,0.00,0.00,,要更新指标数据，请刷新
can i use shein for dropshipping,,20,,0.00,0.66,,要更新指标数据，请刷新
can i use temu for dropshipping,,20,,0.00,0.10,,要更新指标数据，请刷新
can i use wix for dropshipping,,20,,0.00,0.33,,要更新指标数据，请刷新
can international student do dropshipping,,20,,0.00,0.33,,要更新指标数据，请刷新
can teens do dropshipping,,20,,0.00,0.03,,要更新指标数据，请刷新
can u become a millionaire from dropshipping,,20,,0.00,0.21,,要更新指标数据，请刷新
can u make money dropshipping,,20,,0.00,0.50,,要更新指标数据，请刷新
can u start dropshipping at 14,,20,,0.00,0.00,,要更新指标数据，请刷新
can u start dropshipping with no money,,20,,3.46,0.74,,要更新指标数据，请刷新
can we do dropshipping on amazon,,20,,1.99,0.99,,要更新指标数据，请刷新
can we do dropshipping on ebay,,20,,0.00,0.86,,要更新指标数据，请刷新
can we do dropshipping on etsy,,20,,0.00,0.00,,要更新指标数据，请刷新
can we do dropshipping on tiktok shop,,20,,0.00,0.93,,要更新指标数据，请刷新
can you actually make money from dropshipping,,20,,1.62,0.47,,要更新指标数据，请刷新
can you actually make money with dropshipping,,20,,0.00,0.52,,要更新指标数据，请刷新
can you automate dropshipping,,20,,1.66,0.49,,要更新指标数据，请刷新
can you be a millionaire from dropshipping,,20,,0.00,0.12,,要更新指标数据，请刷新
can you be successful dropshipping,,20,,0.00,0.38,,要更新指标数据，请刷新
can you become a millionaire dropshipping,,20,,0.00,0.21,,要更新指标数据，请刷新
can you become a millionaire from dropshipping,,20,,0.00,0.33,,要更新指标数据，请刷新
can you become a millionaire with dropshipping,,20,,0.00,0.29,,要更新指标数据，请刷新
can you become rich from dropshipping,,20,,0.00,0.27,,要更新指标数据，请刷新
can you build a brand with dropshipping,,20,,0.00,0.57,,要更新指标数据，请刷新
can you buy a dropshipping store,,20,,1.75,0.00,,要更新指标数据，请刷新
can you do dropshipping at 13,,20,,0.00,0.05,,要更新指标数据，请刷新
can you do dropshipping at 15,,20,,0.00,0.33,,要更新指标数据，请刷新
can you do dropshipping at 16,,20,,0.00,0.14,,要更新指标数据，请刷新
can you do dropshipping for free,,20,,2.41,0.62,,要更新指标数据，请刷新
can you do dropshipping on ebay,,20,,1.72,0.46,,要更新指标数据，请刷新
can you do dropshipping on etsy,,20,,1.19,0.66,,要更新指标数据，请刷新
can you do dropshipping on phone,,20,,0.00,0.14,,要更新指标数据，请刷新
can you do dropshipping on shopify,,20,,2.19,0.26,,要更新指标数据，请刷新
can you do dropshipping on tiktok shop,,20,,2.90,0.49,,要更新指标数据，请刷新
can you do dropshipping on wix,,20,,0.00,1.00,,要更新指标数据，请刷新
can you do dropshipping on your phone,,20,,3.89,0.32,,要更新指标数据，请刷新
can you do dropshipping part time,,20,,0.00,0.11,,要更新指标数据，请刷新
can you do dropshipping under 18,,20,,0.00,0.33,,要更新指标数据，请刷新
can you do dropshipping with alibaba,,20,,1.83,0.71,,要更新指标数据，请刷新
can you do dropshipping with no money,,20,,0.00,0.86,,要更新指标数据，请刷新
can you do dropshipping with shein,,20,,0.00,0.29,,要更新指标数据，请刷新
can you do dropshipping with temu,,20,,0.00,0.21,,要更新指标数据，请刷新
can you do dropshipping without money,,20,,2.90,0.60,,要更新指标数据，请刷新
can you earn money from dropshipping,,20,,0.00,0.00,,要更新指标数据，请刷新
can you get in trouble for dropshipping,,20,,0.00,0.11,,要更新指标数据，请刷新
can you get rich by dropshipping,,20,,0.00,0.25,,要更新指标数据，请刷新
can you get rich dropshipping,,20,,0.00,0.16,,要更新指标数据，请刷新
can you get rich from dropshipping,,20,,1.48,0.33,,要更新指标数据，请刷新
can you get rich off dropshipping,,20,,1.47,0.33,,要更新指标数据，请刷新
can you get rich with dropshipping,,20,,0.00,0.33,,要更新指标数据，请刷新
can you get sued dropshipping,,20,,0.00,0.33,,要更新指标数据，请刷新
can you get sued for dropshipping,,20,,0.00,0.02,,要更新指标数据，请刷新
can you go to jail for dropshipping,,20,,0.00,0.33,,要更新指标数据，请刷新
can you have multiple dropshipping stores,,20,,0.00,0.33,,要更新指标数据，请刷新
can you have multiple dropshipping suppliers,,20,,0.00,0.07,,要更新指标数据，请刷新
can you live off dropshipping,,20,,0.00,0.33,,要更新指标数据，请刷新
can you lose money dropshipping,,20,,1.08,0.33,,要更新指标数据，请刷新
can you lose money from dropshipping,,20,,0.00,0.11,,要更新指标数据，请刷新
can you lose money in dropshipping,,20,,0.00,0.07,,要更新指标数据，请刷新
can you lose money on dropshipping,,20,,0.00,0.86,,要更新指标数据，请刷新
can you lose money with dropshipping,,20,,0.00,0.33,,要更新指标数据，请刷新
can you make 100k a month dropshipping,,20,,0.00,0.02,,要更新指标数据，请刷新
can you make 10k a month dropshipping,,20,,0.00,0.06,,要更新指标数据，请刷新
can you make a living dropshipping,,20,,1.02,0.21,,要更新指标数据，请刷新
can you make a living from dropshipping,,20,,0.00,0.19,,要更新指标数据，请刷新
can you make a living off dropshipping,,20,,0.83,0.33,,要更新指标数据，请刷新
can you make a lot of money dropshipping,,20,,1.25,0.42,,要更新指标数据，请刷新
can you make a lot of money from dropshipping,,20,,0.92,0.37,,要更新指标数据，请刷新
can you make a million dollars dropshipping,,20,,0.00,0.04,,要更新指标数据，请刷新
can you make good money dropshipping,,20,,1.26,0.47,,要更新指标数据，请刷新
can you make good money from dropshipping,,20,,1.38,0.40,,要更新指标数据，请刷新
can you make millions dropshipping,,20,,0.00,0.43,,要更新指标数据，请刷新
can you make millions from dropshipping,,20,,0.00,0.05,,要更新指标数据，请刷新
can you make money amazon dropshipping,,20,,0.00,0.51,,要更新指标数据，请刷新
can you make money by dropshipping,,20,,0.00,0.37,,要更新指标数据，请刷新
can you make money dropshipping on ebay,,20,,0.00,0.43,,要更新指标数据，请刷新
can you make money dropshipping on shopify,,20,,0.00,0.46,,要更新指标数据，请刷新
can you make money dropshipping reddit,,20,,0.00,0.33,,要更新指标数据，请刷新
can you make money dropshipping with shopify,,20,,2.21,0.33,,要更新指标数据，请刷新
can you make money from dropshipping in 2024,,20,,0.00,0.33,,要更新指标数据，请刷新
can you make money in dropshipping,,20,,0.00,0.60,,要更新指标数据，请刷新
can you make money on dropshipping,,20,,1.11,0.60,,要更新指标数据，请刷新
can you make money with shopify dropshipping,,20,,1.85,0.30,,要更新指标数据，请刷新
can you really make money dropshipping on shopify,,20,,0.00,0.64,,要更新指标数据，请刷新
can you really make money dropshipping reddit,,20,,0.00,0.33,,要更新指标数据，请刷新
can you really make money from dropshipping,,20,,0.71,0.86,,要更新指标数据，请刷新
can you sell a dropshipping business,,20,,0.00,0.14,,要更新指标数据，请刷新
can you start a dropshipping business with no money,,20,,2.43,0.66,,要更新指标数据，请刷新
can you start dropshipping at 13,,20,,0.00,0.33,,要更新指标数据，请刷新
can you start dropshipping at 14,,20,,2.21,0.25,,要更新指标数据，请刷新
can you start dropshipping at 15,,20,,0.00,0.37,,要更新指标数据，请刷新
can you start dropshipping at 16,,20,,4.14,0.33,,要更新指标数据，请刷新
can you start dropshipping for free,,20,,3.64,0.66,,要更新指标数据，请刷新
can you start dropshipping on your phone,,20,,3.43,0.40,,要更新指标数据，请刷新
can you start dropshipping under 18,,20,,0.00,0.19,,要更新指标数据，请刷新
can you start dropshipping without money,,20,,0.00,0.50,,要更新指标数据，请刷新
can you still make money dropshipping,,20,,0.75,0.33,,要更新指标数据，请刷新
can you still make money from dropshipping,,20,,0.00,0.36,,要更新指标数据，请刷新
can you still make money with dropshipping,,20,,1.22,0.71,,要更新指标数据，请刷新
can you suggest good shopify dropshipping courses,,20,,0.00,0.00,,要更新指标数据，请刷新
can you use alibaba for dropshipping,,20,,2.32,0.57,,要更新指标数据，请刷新
can you use aliexpress for dropshipping,,20,,2.72,0.39,,要更新指标数据，请刷新
can you use amazon as a dropshipping supplier,,20,,4.66,0.66,,要更新指标数据，请刷新
can you use amazon as a supplier for dropshipping,,20,,0.00,0.71,,要更新指标数据，请刷新
can you use amazon for dropshipping,,20,,2.19,0.71,,要更新指标数据，请刷新
can you use dropshipping on amazon,,20,,2.30,0.46,,要更新指标数据，请刷新
can you use etsy for dropshipping,,20,,0.00,0.57,,要更新指标数据，请刷新
can you use shein for dropshipping,,20,,0.00,0.29,,要更新指标数据，请刷新
can you use temu for dropshipping,,20,,0.00,0.33,,要更新指标数据，请刷新
can you use wix for dropshipping,,20,,0.00,0.33,,要更新指标数据，请刷新
canada dropshipping suppliers,,20,,2.54,0.99,,要更新指标数据，请刷新
canadian dropshipping suppliers,,20,,3.92,0.99,,要更新指标数据，请刷新
canadian suppliers for dropshipping,,20,,1.74,0.66,,要更新指标数据，请刷新
canal dropshipping reviews,,20,,0.00,0.00,,要更新指标数据，请刷新
candle dropshipping companies,,20,,0.00,1.00,,要更新指标数据，请刷新
candle dropshipping shopify,,20,,1.75,0.73,,要更新指标数据，请刷新
candlefy dropshipping,,20,,0.00,0.62,,要更新指标数据，请刷新
candles dropshipping suppliers,,20,,2.18,0.99,,要更新指标数据，请刷新
candy dropshipping suppliers,,20,,1.98,0.66,,要更新指标数据，请刷新
cannabis dropshipping,,20,,0.00,0.00,,要更新指标数据，请刷新
canvas art dropshipping,,20,,0.00,0.29,,要更新指标数据，请刷新
canvas dropshipping suppliers online store,,20,,0.00,0.00,,要更新指标数据，请刷新
car accessories dropshipping supplier,,20,,0.00,0.99,,要更新指标数据，请刷新
car accessories for dropshipping,,20,,0.00,0.33,,要更新指标数据，请刷新
car audio dropshipping,,20,,0.00,0.57,,要更新指标数据，请刷新
car dropshipping,,20,,3.48,0.33,,要更新指标数据，请刷新
car dropshipping products,,20,,0.00,0.29,,要更新指标数据，请刷新
car parts dropshipping suppliers,,20,,2.16,0.99,,要更新指标数据，请刷新
cara kerja dropshipping,,20,,0.00,0.00,,要更新指标数据，请刷新
carhartt dropshipping,,20,,1.99,0.57,,要更新指标数据，请刷新
carlos alessandro dropshipping,,20,,0.00,0.00,,要更新指标数据，请刷新
cartpanda dropshipping brasil,,20,,0.00,0.00,,要更新指标数据，请刷新
case study high ticket dropshipping store,,20,,0.00,0.00,,要更新指标数据，请刷新
cash on delivery dropshipping,,20,,3.08,0.33,,要更新指标数据，请刷新
cash on delivery dropshipping suppliers,,20,,0.00,0.00,,要更新指标数据，请刷新
cbd beverages dropshipping,,20,,0.00,0.00,,要更新指标数据，请刷新
cbd beverages dropshipping american,,20,,0.00,0.00,,要更新指标数据，请刷新
cbd beverages dropshipping united states,,20,,0.00,0.00,,要更新指标数据，请刷新
cbd beverages dropshipping us based,,20,,0.00,0.00,,要更新指标数据，请刷新
cbd beverages dropshipping us market,,20,,0.00,0.00,,要更新指标数据，请刷新
cbd capsules dropshipping,,20,,0.00,0.00,,要更新指标数据，请刷新
cbd capsules dropshipping american,,20,,0.00,0.00,,要更新指标数据，请刷新
cbd capsules dropshipping in united states,,20,,0.00,0.00,,要更新指标数据，请刷新
cbd capsules dropshipping in usa,,20,,0.00,0.00,,要更新指标数据，请刷新
cbd capsules dropshipping us market,,20,,0.00,0.00,,要更新指标数据，请刷新
cbd capsules dropshipping us online,,20,,0.00,0.00,,要更新指标数据，请刷新
cbd capsules dropshipping usa,,20,,0.00,0.00,,要更新指标数据，请刷新
cbd coffee dropshipping us legal,,20,,0.00,0.00,,要更新指标数据，请刷新
cbd cream dropshipping in united states,,20,,0.00,0.00,,要更新指标数据，请刷新
cbd distillate dropshipping,,20,,0.00,0.00,,要更新指标数据，请刷新
cbd drinks dropshipping,,20,,0.00,0.00,,要更新指标数据，请刷新
cbd drinks dropshipping in usa,,20,,0.00,0.00,,要更新指标数据，请刷新
cbd drinks dropshipping united states,,20,,0.00,0.00,,要更新指标数据，请刷新
cbd drinks dropshipping us online,,20,,0.00,0.00,,要更新指标数据，请刷新
cbd dropshipping direct sources,,20,,0.00,0.00,,要更新指标数据，请刷新
cbd dropshipping private label,,20,,2.41,0.29,,要更新指标数据，请刷新
cbd dropshipping shopify,,20,,0.00,0.43,,要更新指标数据，请刷新
cbd flower dropshipping us based,,20,,0.00,0.00,,要更新指标数据，请刷新
cbd flower dropshipping us online,,20,,0.00,0.00,,要更新指标数据，请刷新
cbd flower dropshipping usa,,20,,0.00,0.00,,要更新指标数据，请刷新
cbd wholesalers dropshipping,,20,,0.00,0.00,,要更新指标数据，请刷新
cbo dropshipping,,20,,0.00,0.33,,要更新指标数据，请刷新
cbo dropshipping meaning,,20,,0.00,0.33,,要更新指标数据，请刷新
cbo meaning dropshipping,,20,,0.00,0.33,,要更新指标数据，请刷新
cc wholesale clothing dropshipping,,20,,1.84,0.51,,要更新指标数据，请刷新
ccwholesaleclothing dropshipping,,20,,4.12,0.66,,要更新指标数据，请刷新
ccwholesaleclothing dropshipping reviews,,20,,0.00,0.00,,要更新指标数据，请刷新
cd dropshipping,,20,,3.66,0.57,,要更新指标数据，请刷新
cg dropshipping com,,20,,4.43,0.75,,要更新指标数据，请刷新
challenges of dropshipping,,20,,0.00,0.00,,要更新指标数据，请刷新
challenges of dropshipping fulfillment,,20,,0.00,0.00,,要更新指标数据，请刷新
chat gpt prompts for dropshipping,,20,,0.00,1.00,,要更新指标数据，请刷新
chatgpt dropshipping,,20,,0.07,0.26,,要更新指标数据，请刷新
chatgpt dropshipping prompts,,20,,0.00,0.62,,要更新指标数据，请刷新
chatgpt prompts for dropshipping,,20,,0.00,1.00,,要更新指标数据，请刷新
cheap dropshipping,,20,,3.37,0.94,,要更新指标数据，请刷新
cheap dropshipping products,,20,,2.13,0.34,,要更新指标数据，请刷新
cheap dropshipping stores for sale,,20,,5.09,0.99,,要更新指标数据，请刷新
cheap dropshipping suppliers,,20,,2.68,0.99,,要更新指标数据，请刷新
cheap products for dropshipping,,20,,0.92,1.00,,要更新指标数据，请刷新
cheap suppliers for dropshipping,,20,,0.00,0.66,,要更新指标数据，请刷新
cheapest dropshipping platform,,20,,4.57,1.00,,要更新指标数据，请刷新
cheapest dropshipping suppliers,,20,,2.68,0.99,,要更新指标数据，请刷新
cheapest dropshipping website,,20,,4.82,0.96,,要更新指标数据，请刷新
cheapest way to start dropshipping,,20,,0.00,0.00,,要更新指标数据，请刷新
check dropshipping,,20,,0.00,0.49,,要更新指标数据，请刷新
check dropshipping sales,,20,,0.00,0.00,,要更新指标数据，请刷新
check how much dropshipping store is making,,20,,0.00,0.00,,要更新指标数据，请刷新
checkbox dropshipping,,20,,6.14,0.00,,要更新指标数据，请刷新
chicken wings wholesale price dropshipping markup retail,,20,,0.00,0.00,,要更新指标数据，请刷新
china dropshipping agent,,20,,4.70,0.66,,要更新指标数据，请刷新
china dropshipping agent shopify fast delivery,,20,,0.00,0.57,,要更新指标数据，请刷新
china dropshipping clothing suppliers,,20,,0.00,0.99,,要更新指标数据，请刷新
china dropshipping products,,20,,0.00,0.68,,要更新指标数据，请刷新
china dropshipping sites,,20,,0.00,0.54,,要更新指标数据，请刷新
china dropshipping websites,,20,,0.00,0.29,,要更新指标数据，请刷新
china sourcing agent dropshipping,,20,,2.17,0.99,,要更新指标数据，请刷新
china suppliers for dropshipping,,20,,3.66,0.99,,要更新指标数据，请刷新
china tariffs dropshipping,,20,,0.00,0.33,,要更新指标数据，请刷新
china warehouse dropshipping,,20,,0.00,0.00,,要更新指标数据，请刷新
chinabrands com dropshipping,,20,,1.85,0.93,,要更新指标数据，请刷新
chinese dropshipping center,,20,,0.00,0.00,,要更新指标数据，请刷新
chinese dropshipping companies,,20,,0.00,0.52,,要更新指标数据，请刷新
chinese dropshipping sites,,20,,0.00,0.54,,要更新指标数据，请刷新
chinese dropshipping websites,,20,,0.00,0.24,,要更新指标数据，请刷新
chinese suppliers for dropshipping,,20,,1.49,0.50,,要更新指标数据，请刷新
chip chip dropshipping,,20,,0.00,0.00,,要更新指标数据，请刷新
chip dropshipping,,20,,0.00,0.00,,要更新指标数据，请刷新
chocolate dropshipping,,20,,2.10,0.43,,要更新指标数据，请刷新
chocolate dropshipping suppliers,,20,,0.00,0.62,,要更新指标数据，请刷新
choose a dropshipping supplier,,20,,2.91,0.86,,要更新指标数据，请刷新
choosing a dropshipping niche,,20,,2.21,0.86,,要更新指标数据，请刷新
chris waller dropshipping,,20,,0.00,0.33,,要更新指标数据，请刷新
christian dropshipping,,20,,2.53,0.66,,要更新指标数据，请刷新
christian dropshipping suppliers,,20,,3.05,0.66,,要更新指标数据，请刷新
christmas dropshipping items,,20,,0.00,0.71,,要更新指标数据，请刷新
christmas dropshipping products,,20,,0.00,0.00,,要更新指标数据，请刷新
christmas dropshipping store,,20,,0.00,0.00,,要更新指标数据，请刷新
christmas tree dropshipping,,20,,0.00,1.00,,要更新指标数据，请刷新
chrome extensions for dropshipping,,20,,0.00,0.39,,要更新指标数据，请刷新
cider dropshipping,,20,,0.00,0.03,,要更新指标数据，请刷新
cj dropshipping address,,20,,0.00,0.02,,要更新指标数据，请刷新
cj dropshipping affiliate program,,20,,0.00,0.66,,要更新指标数据，请刷新
cj dropshipping agent,,20,,0.00,0.00,,要更新指标数据，请刷新
cj dropshipping aliexpress,,20,,0.00,0.00,,要更新指标数据，请刷新
cj dropshipping amazon,,20,,2.90,0.62,,要更新指标数据，请刷新
cj dropshipping amazon fba,,20,,0.00,0.14,,要更新指标数据，请刷新
cj dropshipping api,,20,,0.00,0.31,,要更新指标数据，请刷新
cj dropshipping app,,20,,2.17,0.66,,要更新指标数据，请刷新
cj dropshipping app download,,20,,0.00,0.57,,要更新指标数据，请刷新
cj dropshipping authorization,,20,,0.00,0.50,,要更新指标数据，请刷新
cj dropshipping auto fulfillment,,20,,0.00,0.66,,要更新指标数据，请刷新
cj dropshipping avis,,20,,0.00,0.14,,要更新指标数据，请刷新
cj dropshipping canada,,20,,0.00,0.33,,要更新指标数据，请刷新
cj dropshipping china warehouse address,,20,,0.00,0.08,,要更新指标数据，请刷新
cj dropshipping chrome extension,,20,,0.00,0.06,,要更新指标数据，请刷新
cj dropshipping competitors,,20,,1.89,0.00,,要更新指标数据，请刷新
cj dropshipping contact,,20,,0.00,0.00,,要更新指标数据，请刷新
cj dropshipping cost,,20,,0.00,0.21,,要更新指标数据，请刷新
cj dropshipping create account,,20,,3.44,0.51,,要更新指标数据，请刷新
cj dropshipping custom packaging,,20,,0.00,0.04,,要更新指标数据，请刷新
cj dropshipping customer service,,20,,0.00,0.21,,要更新指标数据，请刷新
cj dropshipping delivery time in usa,,20,,0.00,0.33,,要更新指标数据，请刷新
cj dropshipping ebay,,20,,3.19,0.64,,要更新指标数据，请刷新
cj dropshipping etsy,,20,,0.00,0.54,,要更新指标数据，请刷新
cj dropshipping extension,,20,,0.00,0.33,,要更新指标数据，请刷新
cj dropshipping fees,,20,,0.00,0.20,,要更新指标数据，请刷新
cj dropshipping fulfillment,,20,,0.00,0.43,,要更新指标数据，请刷新
cj dropshipping how it works,,20,,0.00,0.00,,要更新指标数据，请刷新
cj dropshipping integration,,20,,4.36,0.80,,要更新指标数据，请刷新
cj dropshipping invite code,,20,,0.00,0.05,,要更新指标数据，请刷新
cj dropshipping locati0n,,20,,0.00,0.12,,要更新指标数据，请刷新
cj dropshipping logo,,20,,0.00,0.05,,要更新指标数据，请刷新
cj dropshipping logo png,,20,,0.00,0.33,,要更新指标数据，请刷新
cj dropshipping net worth,,20,,0.00,0.33,,要更新指标数据，请刷新
cj dropshipping on ebay,,20,,0.00,0.86,,要更新指标数据，请刷新
cj dropshipping or aliexpress,,20,,0.00,0.33,,要更新指标数据，请刷新
cj dropshipping or zendrop,,20,,0.00,0.14,,要更新指标数据，请刷新
cj dropshipping order fulfillment,,20,,0.00,0.00,,要更新指标数据，请刷新
cj dropshipping packaging,,20,,0.00,0.18,,要更新指标数据，请刷新
cj dropshipping philippines,,20,,0.00,0.33,,要更新指标数据，请刷新
cj dropshipping phone number,,20,,0.00,0.33,,要更新指标数据，请刷新
cj dropshipping plans,,20,,0.00,0.41,,要更新指标数据，请刷新
cj dropshipping plugin,,20,,0.00,0.64,,要更新指标数据，请刷新
cj dropshipping print on demand,,20,,1.50,0.41,,要更新指标数据，请刷新
cj dropshipping private label,,20,,0.00,0.07,,要更新指标数据，请刷新
cj dropshipping products,,20,,2.11,0.71,,要更新指标数据，请刷新
cj dropshipping return address,,20,,0.00,0.33,,要更新指标数据，请刷新
cj dropshipping return policy,,20,,0.00,0.09,,要更新指标数据，请刷新
cj dropshipping returns,,20,,0.00,0.05,,要更新指标数据，请刷新
cj dropshipping reviews complaints,,20,,0.00,0.10,,要更新指标数据，请刷新
cj dropshipping reviews reddit,,20,,0.00,0.33,,要更新指标数据，请刷新
cj dropshipping seller account,,20,,2.74,0.89,,要更新指标数据，请刷新
cj dropshipping shipping,,20,,0.00,0.29,,要更新指标数据，请刷新
cj dropshipping shipping calculator,,20,,0.00,0.14,,要更新指标数据，请刷新
cj dropshipping shipping methods,,20,,0.00,0.07,,要更新指标数据，请刷新
cj dropshipping shipping policy,,20,,0.00,0.00,,要更新指标数据，请刷新
cj dropshipping shipping times,,20,,0.00,0.02,,要更新指标数据，请刷新
cj dropshipping shopify app,,20,,0.00,0.63,,要更新指标数据，请刷新
cj dropshipping sourcing,,20,,0.00,0.00,,要更新指标数据，请刷新
cj dropshipping store,,20,,0.00,0.60,,要更新指标数据，请刷新
cj dropshipping subscription,,20,,0.00,0.36,,要更新指标数据，请刷新
cj dropshipping suppliers,,20,,2.35,0.52,,要更新指标数据，请刷新
cj dropshipping tiktok,,20,,0.00,0.41,,要更新指标数据，请刷新
cj dropshipping tiktok shop,,20,,2.93,0.58,,要更新指标数据，请刷新
cj dropshipping to amazon,,20,,0.00,0.86,,要更新指标数据，请刷新
cj dropshipping to ebay,,20,,0.00,0.05,,要更新指标数据，请刷新
cj dropshipping tracking number,,20,,0.00,0.01,,要更新指标数据，请刷新
cj dropshipping trending products,,20,,0.00,0.93,,要更新指标数据，请刷新
cj dropshipping tutorial,,20,,0.00,0.21,,要更新指标数据，请刷新
cj dropshipping us warehouse,,20,,3.70,0.86,,要更新指标数据，请刷新
cj dropshipping us warehouse address,,20,,0.00,0.12,,要更新指标数据，请刷新
cj dropshipping usa warehouse,,20,,3.89,0.68,,要更新指标数据，请刷新
cj dropshipping usa warehouse address,,20,,0.00,0.04,,要更新指标数据，请刷新
cj dropshipping usa warehouse address zip code,,20,,0.00,0.03,,要更新指标数据，请刷新
cj dropshipping usa warehouse locati0n,,20,,0.00,0.25,,要更新指标数据，请刷新
cj dropshipping vendor,,20,,0.00,0.14,,要更新指标数据，请刷新
cj dropshipping video downloader,,20,,0.00,0.33,,要更新指标数据，请刷新
cj dropshipping vs aliexpress,,20,,0.00,0.16,,要更新指标数据，请刷新
cj dropshipping vs aliexpress reddit,,20,,0.00,0.33,,要更新指标数据，请刷新
cj dropshipping vs autods,,20,,0.00,0.10,,要更新指标数据，请刷新
cj dropshipping vs dsers,,20,,0.00,0.06,,要更新指标数据，请刷新
cj dropshipping vs spocket,,20,,0.00,0.49,,要更新指标数据，请刷新
cj dropshipping vs zendrop,,20,,0.00,0.33,,要更新指标数据，请刷新
cj dropshipping warehouse,,20,,3.41,0.59,,要更新指标数据，请刷新
cj dropshipping warehouse address,,20,,0.00,0.07,,要更新指标数据，请刷新
cj dropshipping warehouse in usa,,20,,0.00,0.36,,要更新指标数据，请刷新
cj dropshipping warehouse locati0n,,20,,0.00,0.07,,要更新指标数据，请刷新
cj dropshipping website,,20,,0.65,0.08,,要更新指标数据，请刷新
cj dropshipping wholesale,,20,,0.00,0.00,,要更新指标数据，请刷新
cj dropshipping winning products,,20,,0.00,0.46,,要更新指标数据，请刷新
cj dropshipping woocommerce,,20,,0.00,0.64,,要更新指标数据，请刷新
cj dropshipping woocommerce plugin,,20,,0.00,0.36,,要更新指标数据，请刷新
cj dropshipping wordpress plugin,,20,,0.00,0.00,,要更新指标数据，请刷新
cjdropshipping to ebay dropshipping software,,20,,0.00,0.00,,要更新指标数据，请刷新
cleaning products dropshipping supplier,,20,,0.00,1.00,,要更新指标数据，请刷新
clickfunnels dropshipping,,20,,6.73,0.64,,要更新指标数据，请刷新
clickfunnels for dropshipping,,20,,0.00,0.33,,要更新指标数据，请刷新
clothes dropshipping suppliers,,20,,3.14,0.71,,要更新指标数据，请刷新
clothes for dropshipping,,20,,3.19,0.95,,要更新指标数据，请刷新
clothing brand dropshipping,,20,,3.39,0.99,,要更新指标数据，请刷新
clothing dropshipping shopify,,20,,0.00,0.79,,要更新指标数据，请刷新
clothing dropshipping stores,,20,,0.00,0.52,,要更新指标数据，请刷新
clothing dropshipping suppliers india,,20,,0.00,0.29,,要更新指标数据，请刷新
clothing dropshipping uk,,20,,0.00,1.00,,要更新指标数据，请刷新
clothing dropshipping vendors,,20,,0.00,0.79,,要更新指标数据，请刷新
clothing dropshipping websites,,20,,0.00,0.99,,要更新指标数据，请刷新
clothing showroom dropshipping,,20,,0.00,0.20,,要更新指标数据，请刷新
cms dropshipping,,20,,0.00,0.00,,要更新指标数据，请刷新
coaching dropshipping,,20,,0.00,0.86,,要更新指标数据，请刷新
coco fashion dropshipping,,20,,0.00,0.00,,要更新指标数据，请刷新
coffee accessories dropshipping,,20,,2.50,0.99,,要更新指标数据，请刷新
coffee beans dropshipping,,20,,0.00,0.61,,要更新指标数据，请刷新
coffee dropshipping business,,20,,2.27,0.33,,要更新指标数据，请刷新
coffee dropshipping shopify,,20,,2.08,0.87,,要更新指标数据，请刷新
